shell	i	j	r_A	dx_i_A	dx_j_A	dx_mid_A	U_ij_eV	U_bare_eV	eps_eff
NN	1	10	1.4227	-9.2446	-10.4761	-9.8603	3.487830	8.830502	2.53180
NN	1	11	1.4246	-9.2446	-8.0111	-8.6278	3.488756	8.831918	2.53154
NN	2	11	1.4227	-6.7796	-8.0111	-7.3953	3.492095	8.830502	2.52871
NN	2	12	1.4246	-6.7796	-5.5461	-6.1628	3.498451	8.831918	2.52452
NN	3	12	1.4227	-4.3146	-5.5461	-4.9303	3.506255	8.830502	2.51850
NN	3	13	1.4246	-4.3146	-3.0811	-3.6978	3.516090	8.831918	2.51186
NN	4	13	1.4227	-1.8496	-3.0811	-2.4653	3.529916	8.830502	2.50162
NN	4	14	1.4246	-1.8496	-0.6161	-1.2328	3.547725	8.831918	2.48946
NN	5	14	1.4227	0.6154	-0.6161	-0.0003	3.568088	8.830502	2.47486
NN	5	15	1.4246	0.6154	1.8489	1.2322	3.593614	8.831918	2.45767
NN	6	15	1.4227	3.0804	1.8489	2.4647	3.617387	8.830502	2.44113
NN	6	16	1.4246	3.0804	4.3139	3.6972	3.641469	8.831918	2.42537
NN	7	16	1.4227	5.5454	4.3139	4.9297	3.662653	8.830502	2.41096
NN	7	17	1.4246	5.5454	6.7789	6.1622	3.680575	8.831918	2.39960
NN	8	17	1.4227	8.0104	6.7789	7.3947	3.694470	8.830502	2.39019
NN	8	18	1.4246	8.0104	9.2439	8.6272	3.709433	8.831918	2.38094
NN	9	18	1.4227	10.4754	9.2439	9.8597	3.722870	8.830502	2.37196
NN	10	19	1.4223	-10.4761	-10.4771	-10.4766	3.485566	8.829196	2.53307
NN	11	20	1.4223	-8.0111	-8.0121	-8.0116	3.486686	8.829196	2.53226
NN	12	21	1.4223	-5.5461	-5.5471	-5.5466	3.499685	8.829196	2.52285
NN	13	22	1.4223	-3.0811	-3.0821	-3.0816	3.519598	8.829196	2.50858
NN	14	23	1.4223	-0.6161	-0.6171	-0.6166	3.553849	8.829196	2.48440
NN	15	24	1.4223	1.8489	1.8479	1.8484	3.601877	8.829196	2.45128
NN	16	25	1.4223	4.3139	4.3129	4.3134	3.649604	8.829196	2.41922
NN	17	26	1.4223	6.7789	6.7779	6.7784	3.684053	8.829196	2.39660
NN	18	27	1.4223	9.2439	9.2429	9.2434	3.710675	8.829196	2.37940
NN	19	28	1.4246	-10.4771	-9.2436	-9.8603	3.484036	8.831918	2.53497
NN	20	28	1.4227	-8.0121	-9.2436	-8.6278	3.485977	8.830502	2.53315
NN	20	29	1.4246	-8.0121	-6.7786	-7.3953	3.489680	8.831918	2.53087
NN	21	29	1.4227	-5.5471	-6.7786	-6.1628	3.495584	8.830502	2.52619
NN	21	30	1.4246	-5.5471	-4.3136	-4.9303	3.503332	8.831918	2.52101
NN	22	30	1.4227	-3.0821	-4.3136	-3.6978	3.511864	8.830502	2.51448
NN	22	31	1.4246	-3.0821	-1.8486	-2.4653	3.524388	8.831918	2.50594
NN	23	31	1.4227	-0.6171	-1.8486	-1.2328	3.541708	8.830502	2.49329
NN	23	32	1.4246	-0.6171	0.6164	-0.0003	3.562925	8.831918	2.47884
NN	24	32	1.4227	1.8479	0.6164	1.2322	3.589580	8.830502	2.46004
NN	24	33	1.4246	1.8479	3.0814	2.4647	3.613896	8.831918	2.44388
NN	25	33	1.4227	4.3129	3.0814	3.6972	3.636977	8.830502	2.42798
NN	25	34	1.4246	4.3129	5.5464	4.9297	3.657533	8.831918	2.41472
NN	26	34	1.4227	6.7779	5.5464	6.1622	3.673820	8.830502	2.40363
NN	26	35	1.4246	6.7779	8.0114	7.3947	3.688656	8.831918	2.39435
NN	27	35	1.4227	9.2429	8.0114	8.6272	3.702778	8.830502	2.38483
NN	27	36	1.4246	9.2429	10.4764	9.8597	3.716978	8.831918	2.37610
NN	28	37	1.4223	-9.2436	-9.2446	-9.2441	3.480482	8.829196	2.53677
NN	29	38	1.4223	-6.7786	-6.7796	-6.7791	3.488320	8.829196	2.53107
NN	30	39	1.4223	-4.3136	-4.3146	-4.3141	3.503939	8.829196	2.51979
NN	31	40	1.4223	-1.8486	-1.8496	-1.8491	3.530162	8.829196	2.50107
NN	32	41	1.4223	0.6164	0.6154	0.6159	3.573060	8.829196	2.47105
NN	33	42	1.4223	3.0814	3.0804	3.0809	3.622035	8.829196	2.43763
NN	34	43	1.4223	5.5464	5.5454	5.5459	3.663103	8.829196	2.41030
NN	35	44	1.4223	8.0114	8.0104	8.0109	3.693956	8.829196	2.39017
NN	36	45	1.4223	10.4764	10.4754	10.4759	3.722365	8.829196	2.37193
NN	37	46	1.4227	-9.2446	-10.4761	-9.8603	3.480712	8.830502	2.53698
NN	37	47	1.4246	-9.2446	-8.0111	-8.6278	3.483161	8.831918	2.53560
NN	38	47	1.4227	-6.7796	-8.0111	-7.3953	3.485836	8.830502	2.53325
NN	38	48	1.4246	-6.7796	-5.5461	-6.1628	3.491683	8.831918	2.52942
NN	39	48	1.4227	-4.3146	-5.5461	-4.9303	3.499078	8.830502	2.52367
NN	39	49	1.4246	-4.3146	-3.0811	-3.6978	3.509863	8.831918	2.51631
NN	40	49	1.4227	-1.8496	-3.0811	-2.4653	3.521575	8.830502	2.50754
NN	40	50	1.4246	-1.8496	-0.6161	-1.2328	3.540123	8.831918	2.49481
NN	41	50	1.4227	0.6154	-0.6161	-0.0003	3.560283	8.830502	2.48028
NN	41	51	1.4246	0.6154	1.8489	1.2322	3.586270	8.831918	2.46270
NN	42	51	1.4227	3.0804	1.8489	2.4647	3.611398	8.830502	2.44518
NN	42	52	1.4246	3.0804	4.3139	3.6972	3.633372	8.831918	2.43078
NN	43	52	1.4227	5.5454	4.3139	4.9297	3.653602	8.830502	2.41693
NN	43	53	1.4246	5.5454	6.7789	6.1622	3.671595	8.831918	2.40547
NN	44	53	1.4227	8.0104	6.7789	7.3947	3.685380	8.830502	2.39609
NN	44	54	1.4246	8.0104	9.2439	8.6272	3.699945	8.831918	2.38704
NN	45	54	1.4227	10.4754	9.2439	9.8597	3.713787	8.830502	2.37776
NN	46	55	1.4223	-10.4761	-10.4771	-10.4766	3.480568	8.829196	2.53671
NN	47	56	1.4223	-8.0111	-8.0121	-8.0116	3.482207	8.829196	2.53552
NN	48	57	1.4223	-5.5461	-5.5471	-5.5466	3.495509	8.829196	2.52587
NN	49	58	1.4223	-3.0811	-3.0821	-3.0816	3.514390	8.829196	2.51230
NN	50	59	1.4223	-0.6161	-0.6171	-0.6166	3.548040	8.829196	2.48847
NN	51	60	1.4223	1.8489	1.8479	1.8484	3.596816	8.829196	2.45473
NN	52	61	1.4223	4.3139	4.3129	4.3134	3.643585	8.829196	2.42322
NN	53	62	1.4223	6.7789	6.7779	6.7784	3.677494	8.829196	2.40087
NN	54	63	1.4223	9.2439	9.2429	9.2434	3.703738	8.829196	2.38386
NN	55	64	1.4246	-10.4771	-9.2436	-9.8603	3.481902	8.831918	2.53652
NN	56	64	1.4227	-8.0121	-9.2436	-8.6278	3.481038	8.830502	2.53674
NN	56	65	1.4246	-8.0121	-6.7786	-7.3953	3.485838	8.831918	2.53366
NN	57	65	1.4227	-5.5471	-6.7786	-6.1628	3.493210	8.830502	2.52790
NN	57	66	1.4246	-5.5471	-4.3136	-4.9303	3.498685	8.831918	2.52435
NN	58	66	1.4227	-3.0821	-4.3136	-3.6978	3.507752	8.830502	2.51743
NN	58	67	1.4246	-3.0821	-1.8486	-2.4653	3.521063	8.831918	2.50831
NN	59	67	1.4227	-0.6171	-1.8486	-1.2328	3.537918	8.830502	2.49596
NN	59	68	1.4246	-0.6171	0.6164	-0.0003	3.560446	8.831918	2.48057
NN	60	68	1.4227	1.8479	0.6164	1.2322	3.584435	8.830502	2.46357
NN	60	69	1.4246	1.8479	3.0814	2.4647	3.609319	8.831918	2.44698
NN	61	69	1.4227	4.3129	3.0814	3.6972	3.633405	8.830502	2.43037
NN	61	70	1.4246	4.3129	5.5464	4.9297	3.651995	8.831918	2.41838
NN	62	70	1.4227	6.7779	5.5464	6.1622	3.668791	8.830502	2.40692
NN	62	71	1.4246	6.7779	8.0114	7.3947	3.684201	8.831918	2.39724
NN	63	71	1.4227	9.2429	8.0114	8.6272	3.697658	8.830502	2.38813
NN	63	72	1.4246	9.2429	10.4764	9.8597	3.712560	8.831918	2.37893
NN	64	73	1.4223	-9.2436	-9.2446	-9.2441	3.478188	8.829196	2.53845
NN	65	74	1.4223	-6.7786	-6.7796	-6.7791	3.485867	8.829196	2.53286
NN	66	75	1.4223	-4.3136	-4.3146	-4.3141	3.500143	8.829196	2.52252
NN	67	76	1.4223	-1.8486	-1.8496	-1.8491	3.526992	8.829196	2.50332
NN	68	77	1.4223	0.6164	0.6154	0.6159	3.570633	8.829196	2.47273
NN	69	78	1.4223	3.0814	3.0804	3.0809	3.618899	8.829196	2.43975
NN	70	79	1.4223	5.5464	5.5454	5.5459	3.658317	8.829196	2.41346
NN	71	80	1.4223	8.0114	8.0104	8.0109	3.689334	8.829196	2.39317
NN	72	81	1.4223	10.4764	10.4754	10.4759	3.717719	8.829196	2.37490
NN	73	82	1.4227	-9.2446	-10.4761	-9.8603	3.478705	8.830502	2.53845
NN	73	83	1.4246	-9.2446	-8.0111	-8.6278	3.481101	8.831918	2.53710
NN	74	83	1.4227	-6.7796	-8.0111	-7.3953	3.484962	8.830502	2.53389
NN	74	84	1.4246	-6.7796	-5.5461	-6.1628	3.489926	8.831918	2.53069
NN	75	84	1.4227	-4.3146	-5.5461	-4.9303	3.498615	8.830502	2.52400
NN	75	85	1.4246	-4.3146	-3.0811	-3.6978	3.508668	8.831918	2.51717
NN	76	85	1.4227	-1.8496	-3.0811	-2.4653	3.520253	8.830502	2.50849
NN	76	86	1.4246	-1.8496	-0.6161	-1.2328	3.538780	8.831918	2.49575
NN	77	86	1.4227	0.6154	-0.6161	-0.0003	3.558232	8.830502	2.48171
NN	77	87	1.4246	0.6154	1.8489	1.2322	3.584297	8.831918	2.46406
NN	78	87	1.4227	3.0804	1.8489	2.4647	3.607056	8.830502	2.44812
NN	78	88	1.4246	3.0804	4.3139	3.6972	3.631109	8.831918	2.43229
NN	79	88	1.4227	5.5454	4.3139	4.9297	3.652198	8.830502	2.41786
NN	79	89	1.4246	5.5454	6.7789	6.1622	3.669340	8.831918	2.40695
NN	80	89	1.4227	8.0104	6.7789	7.3947	3.682966	8.830502	2.39766
NN	80	90	1.4246	8.0104	9.2439	8.6272	3.697606	8.831918	2.38855
NN	81	90	1.4227	10.4754	9.2439	9.8597	3.710884	8.830502	2.37962
NN	82	91	1.4223	-10.4761	-10.4771	-10.4766	3.479031	8.829196	2.53783
NN	83	92	1.4223	-8.0111	-8.0121	-8.0116	3.483338	8.829196	2.53469
NN	84	93	1.4223	-5.5461	-5.5471	-5.5466	3.494773	8.829196	2.52640
NN	85	94	1.4223	-3.0811	-3.0821	-3.0816	3.513853	8.829196	2.51268
NN	86	95	1.4223	-0.6161	-0.6171	-0.6166	3.547859	8.829196	2.48860
NN	87	96	1.4223	1.8489	1.8479	1.8484	3.596424	8.829196	2.45499
NN	88	97	1.4223	4.3139	4.3129	4.3134	3.642833	8.829196	2.42372
NN	89	98	1.4223	6.7789	6.7779	6.7784	3.676381	8.829196	2.40160
NN	90	99	1.4223	9.2439	9.2429	9.2434	3.702851	8.829196	2.38443
NN	91	100	1.4246	-10.4771	-9.2436	-9.8603	3.479999	8.831918	2.53791
NN	92	100	1.4227	-8.0121	-9.2436	-8.6278	3.481442	8.830502	2.53645
NN	92	101	1.4246	-8.0121	-6.7786	-7.3953	3.485436	8.831918	2.53395
NN	93	101	1.4227	-5.5471	-6.7786	-6.1628	3.490810	8.830502	2.52964
NN	93	102	1.4246	-5.5471	-4.3136	-4.9303	3.497885	8.831918	2.52493
NN	94	102	1.4227	-3.0821	-4.3136	-3.6978	3.507316	8.830502	2.51774
NN	94	103	1.4246	-3.0821	-1.8486	-2.4653	3.520396	8.831918	2.50879
NN	95	103	1.4227	-0.6171	-1.8486	-1.2328	3.537307	8.830502	2.49639
NN	95	104	1.4246	-0.6171	0.6164	-0.0003	3.559820	8.831918	2.48100
NN	96	104	1.4227	1.8479	0.6164	1.2322	3.583781	8.830502	2.46402
NN	96	105	1.4246	1.8479	3.0814	2.4647	3.608039	8.831918	2.44784
NN	97	105	1.4227	4.3129	3.0814	3.6972	3.630660	8.830502	2.43220
NN	97	106	1.4246	4.3129	5.5464	4.9297	3.650737	8.831918	2.41922
NN	98	106	1.4227	6.7779	5.5464	6.1622	3.667789	8.830502	2.40758
NN	98	107	1.4246	6.7779	8.0114	7.3947	3.682764	8.831918	2.39818
NN	99	107	1.4227	9.2429	8.0114	8.6272	3.696567	8.830502	2.38884
NN	99	108	1.4246	9.2429	10.4764	9.8597	3.711560	8.831918	2.37957
NN	100	109	1.4223	-9.2436	-9.2446	-9.2441	3.478808	8.829196	2.53799
NN	101	110	1.4223	-6.7786	-6.7796	-6.7791	3.486700	8.829196	2.53225
NN	102	111	1.4223	-4.3136	-4.3146	-4.3141	3.500911	8.829196	2.52197
NN	103	112	1.4223	-1.8486	-1.8496	-1.8491	3.527061	8.829196	2.50327
NN	104	113	1.4223	0.6164	0.6154	0.6159	3.570576	8.829196	2.47277
NN	105	114	1.4223	3.0814	3.0804	3.0809	3.618818	8.829196	2.43980
NN	106	115	1.4223	5.5464	5.5454	5.5459	3.658595	8.829196	2.41327
NN	107	116	1.4223	8.0114	8.0104	8.0109	3.689097	8.829196	2.39332
NN	108	117	1.4223	10.4764	10.4754	10.4759	3.718272	8.829196	2.37454
NN	109	118	1.4227	-9.2446	-10.4761	-9.8603	3.480751	8.830502	2.53695
NN	109	119	1.4246	-9.2446	-8.0111	-8.6278	3.482202	8.831918	2.53630
NN	110	119	1.4227	-6.7796	-8.0111	-7.3953	3.486247	8.830502	2.53295
NN	110	120	1.4246	-6.7796	-5.5461	-6.1628	3.491777	8.831918	2.52935
NN	111	120	1.4227	-4.3146	-5.5461	-4.9303	3.497979	8.830502	2.52446
NN	111	121	1.4246	-4.3146	-3.0811	-3.6978	3.507358	8.831918	2.51811
NN	112	121	1.4227	-1.8496	-3.0811	-2.4653	3.520923	8.830502	2.50801
NN	112	122	1.4246	-1.8496	-0.6161	-1.2328	3.538523	8.831918	2.49593
NN	113	122	1.4227	0.6154	-0.6161	-0.0003	3.558450	8.830502	2.48156
NN	113	123	1.4246	0.6154	1.8489	1.2322	3.583075	8.831918	2.46490
NN	114	123	1.4227	3.0804	1.8489	2.4647	3.608186	8.830502	2.44735
NN	114	124	1.4246	3.0804	4.3139	3.6972	3.630980	8.831918	2.43238
NN	115	124	1.4227	5.5454	4.3139	4.9297	3.651499	8.830502	2.41832
NN	115	125	1.4246	5.5454	6.7789	6.1622	3.668571	8.831918	2.40745
NN	116	125	1.4227	8.0104	6.7789	7.3947	3.682298	8.830502	2.39810
NN	116	126	1.4246	8.0104	9.2439	8.6272	3.697156	8.831918	2.38884
NN	117	126	1.4227	10.4754	9.2439	9.8597	3.711207	8.830502	2.37942
NN	118	127	1.4223	-10.4761	-10.4771	-10.4766	3.479168	8.829196	2.53773
NN	119	128	1.4223	-8.0111	-8.0121	-8.0116	3.482653	8.829196	2.53519
NN	120	129	1.4223	-5.5461	-5.5471	-5.5466	3.494554	8.829196	2.52656
NN	121	130	1.4223	-3.0811	-3.0821	-3.0816	3.514934	8.829196	2.51191
NN	122	131	1.4223	-0.6161	-0.6171	-0.6166	3.549078	8.829196	2.48774
NN	123	132	1.4223	1.8489	1.8479	1.8484	3.597055	8.829196	2.45456
NN	124	133	1.4223	4.3139	4.3129	4.3134	3.643745	8.829196	2.42311
NN	125	134	1.4223	6.7789	6.7779	6.7784	3.676403	8.829196	2.40159
NN	126	135	1.4223	9.2439	9.2429	9.2434	3.703427	8.829196	2.38406
NN	127	136	1.4246	-10.4771	-9.2436	-9.8603	3.480671	8.831918	2.53742
NN	128	136	1.4227	-8.0121	-9.2436	-8.6278	3.481725	8.830502	2.53624
NN	128	137	1.4246	-8.0121	-6.7786	-7.3953	3.485535	8.831918	2.53388
NN	129	137	1.4227	-5.5471	-6.7786	-6.1628	3.490419	8.830502	2.52993
NN	129	138	1.4246	-5.5471	-4.3136	-4.9303	3.498992	8.831918	2.52413
NN	130	138	1.4227	-3.0821	-4.3136	-3.6978	3.508652	8.830502	2.51678
NN	130	139	1.4246	-3.0821	-1.8486	-2.4653	3.521304	8.831918	2.50814
NN	131	139	1.4227	-0.6171	-1.8486	-1.2328	3.538459	8.830502	2.49558
NN	131	140	1.4246	-0.6171	0.6164	-0.0003	3.560370	8.831918	2.48062
NN	132	140	1.4227	1.8479	0.6164	1.2322	3.584556	8.830502	2.46349
NN	132	141	1.4246	1.8479	3.0814	2.4647	3.609991	8.831918	2.44652
NN	133	141	1.4227	4.3129	3.0814	3.6972	3.632517	8.830502	2.43096
NN	133	142	1.4246	4.3129	5.5464	4.9297	3.652055	8.831918	2.41834
NN	134	142	1.4227	6.7779	5.5464	6.1622	3.668605	8.830502	2.40705
NN	134	143	1.4246	6.7779	8.0114	7.3947	3.684048	8.831918	2.39734
NN	135	143	1.4227	9.2429	8.0114	8.6272	3.697922	8.830502	2.38796
NN	135	144	1.4246	9.2429	10.4764	9.8597	3.712806	8.831918	2.37877
NN	136	145	1.4223	-9.2436	-9.2446	-9.2441	3.479375	8.829196	2.53758
NN	137	146	1.4223	-6.7786	-6.7796	-6.7791	3.487424	8.829196	2.53172
NN	138	147	1.4223	-4.3136	-4.3146	-4.3141	3.501051	8.829196	2.52187
NN	139	148	1.4223	-1.8486	-1.8496	-1.8491	3.527420	8.829196	2.50302
NN	140	149	1.4223	0.6164	0.6154	0.6159	3.572706	8.829196	2.47129
NN	141	150	1.4223	3.0814	3.0804	3.0809	3.621156	8.829196	2.43823
NN	142	151	1.4223	5.5464	5.5454	5.5459	3.659640	8.829196	2.41259
NN	143	152	1.4223	8.0114	8.0104	8.0109	3.690666	8.829196	2.39230
NN	144	153	1.4223	10.4764	10.4754	10.4759	3.719069	8.829196	2.37403
NN	145	154	1.4227	-9.2446	-10.4761	-9.8603	3.482343	8.830502	2.53579
NN	145	155	1.4246	-9.2446	-8.0111	-8.6278	3.482971	8.831918	2.53574
NN	146	155	1.4227	-6.7796	-8.0111	-7.3953	3.486486	8.830502	2.53278
NN	146	156	1.4246	-6.7796	-5.5461	-6.1628	3.491942	8.831918	2.52923
NN	147	156	1.4227	-4.3146	-5.5461	-4.9303	3.499071	8.830502	2.52367
NN	147	157	1.4246	-4.3146	-3.0811	-3.6978	3.508929	8.831918	2.51698
NN	148	157	1.4227	-1.8496	-3.0811	-2.4653	3.522637	8.830502	2.50679
NN	148	158	1.4246	-1.8496	-0.6161	-1.2328	3.540096	8.831918	2.49482
NN	149	158	1.4227	0.6154	-0.6161	-0.0003	3.560003	8.830502	2.48048
NN	149	159	1.4246	0.6154	1.8489	1.2322	3.586351	8.831918	2.46265
NN	150	159	1.4227	3.0804	1.8489	2.4647	3.609678	8.830502	2.44634
NN	150	160	1.4246	3.0804	4.3139	3.6972	3.633276	8.831918	2.43084
NN	151	160	1.4227	5.5454	4.3139	4.9297	3.654118	8.830502	2.41659
NN	151	161	1.4246	5.5454	6.7789	6.1622	3.671239	8.831918	2.40570
NN	152	161	1.4227	8.0104	6.7789	7.3947	3.685121	8.830502	2.39626
NN	152	162	1.4246	8.0104	9.2439	8.6272	3.700080	8.831918	2.38695
NN	153	162	1.4227	10.4754	9.2439	9.8597	3.713334	8.830502	2.37805
NN	154	163	1.4223	-10.4761	-10.4771	-10.4766	3.481661	8.829196	2.53592
NN	155	164	1.4223	-8.0111	-8.0121	-8.0116	3.483452	8.829196	2.53461
NN	156	165	1.4223	-5.5461	-5.5471	-5.5466	3.495860	8.829196	2.52561
NN	157	166	1.4223	-3.0811	-3.0821	-3.0816	3.516066	8.829196	2.51110
NN	158	167	1.4223	-0.6161	-0.6171	-0.6166	3.550165	8.829196	2.48698
NN	159	168	1.4223	1.8489	1.8479	1.8484	3.599127	8.829196	2.45315
NN	160	169	1.4223	4.3139	4.3129	4.3134	3.645251	8.829196	2.42211
NN	161	170	1.4223	6.7789	6.7779	6.7784	3.678941	8.829196	2.39993
NN	162	171	1.4223	9.2439	9.2429	9.2434	3.705889	8.829196	2.38248
NN	163	172	1.4246	-10.4771	-9.2436	-9.8603	3.482896	8.831918	2.53580
NN	164	172	1.4227	-8.0121	-9.2436	-8.6278	3.484027	8.830502	2.53457
NN	164	173	1.4246	-8.0121	-6.7786	-7.3953	3.487772	8.831918	2.53225
NN	165	173	1.4227	-5.5471	-6.7786	-6.1628	3.493512	8.830502	2.52769
NN	165	174	1.4246	-5.5471	-4.3136	-4.9303	3.502528	8.831918	2.52158
NN	166	174	1.4227	-3.0821	-4.3136	-3.6978	3.511618	8.830502	2.51465
NN	166	175	1.4246	-3.0821	-1.8486	-2.4653	3.524599	8.831918	2.50579
NN	167	175	1.4227	-0.6171	-1.8486	-1.2328	3.541945	8.830502	2.49312
NN	167	176	1.4246	-0.6171	0.6164	-0.0003	3.563612	8.831918	2.47836
NN	168	176	1.4227	1.8479	0.6164	1.2322	3.588331	8.830502	2.46089
NN	168	177	1.4246	1.8479	3.0814	2.4647	3.613068	8.831918	2.44444
NN	169	177	1.4227	4.3129	3.0814	3.6972	3.636213	8.830502	2.42849
NN	169	178	1.4246	4.3129	5.5464	4.9297	3.656347	8.831918	2.41550
NN	170	178	1.4227	6.7779	5.5464	6.1622	3.673950	8.830502	2.40354
NN	170	179	1.4246	6.7779	8.0114	7.3947	3.688682	8.831918	2.39433
NN	171	179	1.4227	9.2429	8.0114	8.6272	3.702318	8.830502	2.38513
NN	171	180	1.4246	9.2429	10.4764	9.8597	3.717416	8.831918	2.37582
NN	172	181	1.4223	-9.2436	-9.2446	-9.2441	3.483436	8.829196	2.53462
NN	173	182	1.4223	-6.7786	-6.7796	-6.7791	3.491096	8.829196	2.52906
NN	174	183	1.4223	-4.3136	-4.3146	-4.3141	3.506003	8.829196	2.51831
NN	175	184	1.4223	-1.8486	-1.8496	-1.8491	3.532633	8.829196	2.49932
NN	176	185	1.4223	0.6164	0.6154	0.6159	3.576544	8.829196	2.46864
NN	177	186	1.4223	3.0814	3.0804	3.0809	3.626187	8.829196	2.43484
NN	178	187	1.4223	5.5464	5.5454	5.5459	3.666686	8.829196	2.40795
NN	179	188	1.4223	8.0114	8.0104	8.0109	3.697479	8.829196	2.38790
NN	180	189	1.4223	10.4764	10.4754	10.4759	3.726086	8.829196	2.36956
NN	181	190	1.4227	-9.2446	-10.4761	-9.8603	3.487810	8.830502	2.53182
NN	181	191	1.4246	-9.2446	-8.0111	-8.6278	3.489952	8.831918	2.53067
NN	182	191	1.4227	-6.7796	-8.0111	-7.3953	3.494034	8.830502	2.52731
NN	182	192	1.4246	-6.7796	-5.5461	-6.1628	3.498979	8.831918	2.52414
NN	183	192	1.4227	-4.3146	-5.5461	-4.9303	3.506367	8.830502	2.51842
NN	183	193	1.4246	-4.3146	-3.0811	-3.6978	3.516350	8.831918	2.51167
NN	184	193	1.4227	-1.8496	-3.0811	-2.4653	3.529956	8.830502	2.50159
NN	184	194	1.4246	-1.8496	-0.6161	-1.2328	3.547815	8.831918	2.48940
NN	185	194	1.4227	0.6154	-0.6161	-0.0003	3.568544	8.830502	2.47454
NN	185	195	1.4246	0.6154	1.8489	1.2322	3.595089	8.831918	2.45666
NN	186	195	1.4227	3.0804	1.8489	2.4647	3.618717	8.830502	2.44023
NN	186	196	1.4246	3.0804	4.3139	3.6972	3.643325	8.831918	2.42414
NN	187	196	1.4227	5.5454	4.3139	4.9297	3.661846	8.830502	2.41149
NN	187	197	1.4246	5.5454	6.7789	6.1622	3.680526	8.831918	2.39963
NN	188	197	1.4227	8.0104	6.7789	7.3947	3.694691	8.830502	2.39005
NN	188	198	1.4246	8.0104	9.2439	8.6272	3.710079	8.831918	2.38052
NN	189	198	1.4227	10.4754	9.2439	9.8597	3.723448	8.830502	2.37159
NNN	1	2	2.4650	-9.2446	-6.7796	-8.0121	2.132357	5.567764	2.61108
NNN	1	19	2.4650	-9.2446	-10.4771	-9.8609	2.125572	5.565575	2.61839
NNN	1	20	2.4650	-9.2446	-8.0121	-8.6284	2.126637	5.566123	2.61734
NNN	2	3	2.4650	-6.7796	-4.3146	-5.5471	2.142354	5.567764	2.59890
NNN	2	20	2.4650	-6.7796	-8.0121	-7.3959	2.129576	5.565575	2.61347
NNN	2	21	2.4650	-6.7796	-5.5471	-6.1634	2.135884	5.566123	2.60600
NNN	3	4	2.4650	-4.3146	-1.8496	-3.0821	2.162482	5.567764	2.57471
NNN	3	21	2.4650	-4.3146	-5.5471	-4.9309	2.142330	5.565575	2.59791
NNN	3	22	2.4650	-4.3146	-3.0821	-3.6984	2.153980	5.566123	2.58411
NNN	4	5	2.4650	-1.8496	0.6154	-0.6171	2.195837	5.567764	2.53560
NNN	4	22	2.4650	-1.8496	-3.0821	-2.4659	2.166018	5.565575	2.56950
NNN	4	23	2.4650	-1.8496	-0.6171	-1.2334	2.183538	5.566123	2.54913
NNN	5	6	2.4650	0.6154	3.0804	1.8479	2.242666	5.567764	2.48265
NNN	5	23	2.4650	0.6154	-0.6171	-0.0009	2.203373	5.565575	2.52593
NNN	5	24	2.4650	0.6154	1.8479	1.2316	2.227152	5.566123	2.49921
NNN	6	7	2.4650	3.0804	5.5454	4.3129	2.286076	5.567764	2.43551
NNN	6	24	2.4650	3.0804	1.8479	2.4641	2.249878	5.565575	2.47372
NNN	6	25	2.4650	3.0804	4.3129	3.6966	2.273060	5.566123	2.44874
NNN	7	8	2.4650	5.5454	8.0104	6.7779	2.321175	5.567764	2.39868
NNN	7	25	2.4650	5.5454	4.3129	4.9291	2.292536	5.565575	2.42769
NNN	7	26	2.4650	5.5454	6.7779	6.1616	2.311217	5.566123	2.40831
NNN	8	9	2.4650	8.0104	10.4754	9.2429	2.350829	5.567764	2.36843
NNN	8	26	2.4650	8.0104	6.7779	7.3941	2.325493	5.565575	2.39329
NNN	8	27	2.4650	8.0104	9.2429	8.6266	2.339883	5.566123	2.37880
NNN	9	27	2.4650	10.4754	9.2429	9.8591	2.352825	5.565575	2.36549
NNN	10	11	2.4650	-10.4761	-8.0111	-9.2436	2.127340	5.568365	2.61752
NNN	10	28	2.4650	-10.4761	-9.2436	-9.8598	2.123393	5.567086	2.62179
NNN	11	12	2.4650	-8.0111	-5.5461	-6.7786	2.133036	5.568365	2.61054
NNN	11	28	2.4650	-8.0111	-9.2436	-8.6273	2.125064	5.567831	2.62008
NNN	11	29	2.4650	-8.0111	-6.7786	-7.3948	2.128504	5.567086	2.61549
NNN	12	13	2.4650	-5.5461	-3.0811	-4.3136	2.148606	5.568365	2.59162
NNN	12	29	2.4650	-5.5461	-6.7786	-6.1623	2.134599	5.567831	2.60837
NNN	12	30	2.4650	-5.5461	-4.3136	-4.9298	2.141647	5.567086	2.59944
NNN	13	14	2.4650	-3.0811	-0.6161	-1.8486	2.176399	5.568365	2.55852
NNN	13	30	2.4650	-3.0811	-4.3136	-3.6973	2.151100	5.567831	2.58836
NNN	13	31	2.4650	-3.0811	-1.8486	-2.4648	2.164127	5.567086	2.57244
NNN	14	15	2.4650	-0.6161	1.8489	0.6164	2.214752	5.568365	2.51422
NNN	14	31	2.4650	-0.6161	-1.8486	-1.2323	2.180987	5.567831	2.55289
NNN	14	32	2.4650	-0.6161	0.6164	0.0002	2.201385	5.567086	2.52890
NNN	15	16	2.4650	1.8489	4.3139	3.0814	2.261361	5.568365	2.46240
NNN	15	32	2.4650	1.8489	0.6164	1.2327	2.225038	5.567831	2.50235
NNN	15	33	2.4650	1.8489	3.0814	2.4652	2.248476	5.567086	2.47594
NNN	16	17	2.4650	4.3139	6.7789	5.5464	2.303631	5.568365	2.41721
NNN	16	33	2.4650	4.3139	3.0814	3.6977	2.271615	5.567831	2.45104
NNN	16	34	2.4650	4.3139	5.5464	4.9302	2.290960	5.567086	2.43002
NNN	17	18	2.4650	6.7789	9.2439	8.0114	2.332465	5.568365	2.38733
NNN	17	34	2.4650	6.7789	5.5464	6.1627	2.308319	5.567831	2.41207
NNN	17	35	2.4650	6.7789	8.0114	7.3952	2.322424	5.567086	2.39710
NNN	18	35	2.4650	9.2439	8.0114	8.6277	2.337052	5.567831	2.38242
NNN	18	36	2.4650	9.2439	10.4764	9.8602	2.349882	5.567086	2.36909
NNN	19	20	2.4650	-10.4771	-8.0121	-9.2446	2.126403	5.567764	2.61840
NNN	19	37	2.4650	-10.4771	-9.2446	-9.8609	2.121389	5.566123	2.62381
NNN	20	21	2.4650	-8.0121	-5.5471	-6.7796	2.132800	5.567764	2.61054
NNN	20	37	2.4650	-8.0121	-9.2446	-8.6284	2.124304	5.565575	2.61995
NNN	20	38	2.4650	-8.0121	-6.7796	-7.3959	2.127897	5.566123	2.61579
NNN	21	22	2.4650	-5.5471	-3.0821	-4.3146	2.146662	5.567764	2.59368
NNN	21	38	2.4650	-5.5471	-6.7796	-6.1634	2.133714	5.565575	2.60840
NNN	21	39	2.4650	-5.5471	-4.3146	-4.9309	2.140036	5.566123	2.60095
NNN	22	23	2.4650	-3.0821	-0.6171	-1.8496	2.172144	5.567764	2.56326
NNN	22	39	2.4650	-3.0821	-4.3146	-3.6984	2.149044	5.565575	2.58979
NNN	22	40	2.4650	-3.0821	-1.8496	-2.4659	2.161155	5.566123	2.57553
NNN	23	24	2.4650	-0.6171	1.8479	0.6154	2.213099	5.567764	2.51582
NNN	23	40	2.4650	-0.6171	-1.8496	-1.2334	2.178371	5.565575	2.55493
NNN	23	41	2.4650	-0.6171	0.6154	-0.0009	2.198543	5.566123	2.53173
NNN	24	25	2.4650	1.8479	4.3129	3.0804	2.260273	5.567764	2.46331
NNN	24	41	2.4650	1.8479	0.6154	1.2316	2.223917	5.565575	2.50260
NNN	24	42	2.4650	1.8479	3.0804	2.4641	2.247481	5.566123	2.47661
NNN	25	26	2.4650	4.3129	6.7779	5.5454	2.299177	5.567764	2.42163
NNN	25	42	2.4650	4.3129	3.0804	3.6966	2.269933	5.565575	2.45187
NNN	25	43	2.4650	4.3129	5.5454	4.9291	2.288675	5.566123	2.43203
NNN	26	27	2.4650	6.7779	9.2429	8.0104	2.328970	5.567764	2.39066
NNN	26	43	2.4650	6.7779	5.5454	6.1616	2.305197	5.565575	2.41436
NNN	26	44	2.4650	6.7779	8.0104	7.3941	2.319437	5.566123	2.39977
NNN	27	44	2.4650	9.2429	8.0104	8.6266	2.333665	5.565575	2.38491
NNN	27	45	2.4650	9.2429	10.4754	9.8591	2.347061	5.566123	2.37153
NNN	28	29	2.4650	-9.2436	-6.7786	-8.0111	2.126185	5.568365	2.61895
NNN	28	46	2.4650	-9.2436	-10.4761	-9.8598	2.122341	5.567831	2.62344
NNN	28	47	2.4650	-9.2436	-8.0111	-8.6273	2.124100	5.567086	2.62092
NNN	29	30	2.4650	-6.7786	-4.3136	-5.5461	2.137037	5.568365	2.60565
NNN	29	47	2.4650	-6.7786	-8.0111	-7.3948	2.127547	5.567831	2.61702
NNN	29	48	2.4650	-6.7786	-5.5461	-6.1623	2.132359	5.567086	2.61076
NNN	30	31	2.4650	-4.3136	-1.8486	-3.0811	2.156845	5.568365	2.58172
NNN	30	48	2.4650	-4.3136	-5.5461	-4.9298	2.141136	5.567831	2.60041
NNN	30	49	2.4650	-4.3136	-3.0811	-3.6973	2.150602	5.567086	2.58862
NNN	31	32	2.4650	-1.8486	0.6164	-0.6161	2.189676	5.568365	2.54301
NNN	31	49	2.4650	-1.8486	-3.0811	-2.4648	2.162583	5.567831	2.57462
NNN	31	50	2.4650	-1.8486	-0.6161	-1.2323	2.179556	5.567086	2.55423
NNN	32	33	2.4650	0.6164	3.0814	1.8489	2.235088	5.568365	2.49134
NNN	32	50	2.4650	0.6164	-0.6161	0.0002	2.199640	5.567831	2.53125
NNN	32	51	2.4650	0.6164	1.8489	1.2327	2.223022	5.567086	2.50429
NNN	33	34	2.4650	3.0814	5.5464	4.3139	2.279026	5.568365	2.44331
NNN	33	51	2.4650	3.0814	1.8489	2.4652	2.247704	5.567831	2.47712
NNN	33	52	2.4650	3.0814	4.3139	3.6977	2.268442	5.567086	2.45414
NNN	34	35	2.4650	5.5464	8.0114	6.7789	2.313424	5.568365	2.40698
NNN	34	52	2.4650	5.5464	4.3139	4.9302	2.289584	5.567831	2.43181
NNN	34	53	2.4650	5.5464	6.7789	6.1627	2.306350	5.567086	2.41381
NNN	35	36	2.4650	8.0114	10.4764	9.2439	2.343206	5.568365	2.37639
NNN	35	53	2.4650	8.0114	6.7789	7.3952	2.320950	5.567831	2.39894
NNN	35	54	2.4650	8.0114	9.2439	8.6277	2.334737	5.567086	2.38446
NNN	36	54	2.4650	10.4764	9.2439	9.8602	2.347973	5.567831	2.37134
NNN	37	38	2.4650	-9.2446	-6.7796	-8.0121	2.124522	5.567764	2.62071
NNN	37	55	2.4650	-9.2446	-10.4771	-9.8609	2.119619	5.565575	2.62574
NNN	37	56	2.4650	-9.2446	-8.0121	-8.6284	2.121031	5.566123	2.62425
NNN	38	39	2.4650	-6.7796	-4.3146	-5.5471	2.135323	5.567764	2.60746
NNN	38	56	2.4650	-6.7796	-8.0121	-7.3959	2.124449	5.565575	2.61977
NNN	38	57	2.4650	-6.7796	-5.5471	-6.1634	2.131239	5.566123	2.61168
NNN	39	40	2.4650	-4.3146	-1.8496	-3.0821	2.154741	5.567764	2.58396
NNN	39	57	2.4650	-4.3146	-5.5471	-4.9309	2.137345	5.565575	2.60397
NNN	39	58	2.4650	-4.3146	-3.0821	-3.6984	2.147627	5.566123	2.59175
NNN	40	41	2.4650	-1.8496	0.6154	-0.6171	2.187775	5.567764	2.54494
NNN	40	58	2.4650	-1.8496	-3.0821	-2.4659	2.159459	5.565575	2.57730
NNN	40	59	2.4650	-1.8496	-0.6171	-1.2334	2.176629	5.566123	2.55722
NNN	41	42	2.4650	0.6154	3.0804	1.8479	2.233263	5.567764	2.49311
NNN	41	59	2.4650	0.6154	-0.6171	-0.0009	2.196177	5.565575	2.53421
NNN	41	60	2.4650	0.6154	1.8479	1.2316	2.220167	5.566123	2.50707
NNN	42	43	2.4650	3.0804	5.5454	4.3129	2.277055	5.567764	2.44516
NNN	42	60	2.4650	3.0804	1.8479	2.4641	2.243568	5.565575	2.48068
NNN	42	61	2.4650	3.0804	4.3129	3.6966	2.266750	5.566123	2.45555
NNN	43	44	2.4650	5.5454	8.0104	6.7779	2.311185	5.567764	2.40905
NNN	43	61	2.4650	5.5454	4.3129	4.9291	2.285476	5.565575	2.43519
NNN	43	62	2.4650	5.5454	6.7779	6.1616	2.303008	5.566123	2.41689
NNN	44	45	2.4650	8.0104	10.4754	9.2429	2.340694	5.567764	2.37868
NNN	44	62	2.4650	8.0104	6.7779	7.3941	2.317073	5.565575	2.40199
NNN	44	63	2.4650	8.0104	9.2429	8.6266	2.331333	5.566123	2.38753
NNN	45	63	2.4650	10.4754	9.2429	9.8591	2.344347	5.565575	2.37404
NNN	46	47	2.4650	-10.4761	-8.0111	-9.2436	2.123453	5.568365	2.62232
NNN	46	64	2.4650	-10.4761	-9.2436	-9.8598	2.119778	5.567086	2.62626
NNN	47	48	2.4650	-8.0111	-5.5461	-6.7786	2.128047	5.568365	2.61666
NNN	47	64	2.4650	-8.0111	-9.2436	-8.6273	2.122455	5.567831	2.62330
NNN	47	65	2.4650	-8.0111	-6.7786	-7.3948	2.125627	5.567086	2.61903
NNN	48	49	2.4650	-5.5461	-3.0811	-4.3136	2.145495	5.568365	2.59538
NNN	48	65	2.4650	-5.5461	-6.7786	-6.1623	2.130857	5.567831	2.61295
NNN	48	66	2.4650	-5.5461	-4.3136	-4.9298	2.137793	5.567086	2.60413
NNN	49	50	2.4650	-3.0811	-0.6161	-1.8486	2.169591	5.568365	2.56655
NNN	49	66	2.4650	-3.0811	-4.3136	-3.6973	2.147813	5.567831	2.59233
NNN	49	67	2.4650	-3.0811	-1.8486	-2.4648	2.159822	5.567086	2.57757
NNN	50	51	2.4650	-0.6161	1.8489	0.6164	2.208589	5.568365	2.52123
NNN	50	67	2.4650	-0.6161	-1.8486	-1.2323	2.176882	5.567831	2.55771
NNN	50	68	2.4650	-0.6161	0.6164	0.0002	2.197023	5.567086	2.53392
NNN	51	52	2.4650	1.8489	4.3139	3.0814	2.256590	5.568365	2.46760
NNN	51	68	2.4650	1.8489	0.6164	1.2327	2.220913	5.567831	2.50700
NNN	51	69	2.4650	1.8489	3.0814	2.4652	2.244919	5.567086	2.47986
NNN	52	53	2.4650	4.3139	6.7789	5.5464	2.296940	5.568365	2.42425
NNN	52	69	2.4650	4.3139	3.0814	3.6977	2.266356	5.567831	2.45673
NNN	52	70	2.4650	4.3139	5.5464	4.9302	2.285635	5.567086	2.43568
NNN	53	54	2.4650	6.7789	9.2439	8.0114	2.325607	5.568365	2.39437
NNN	53	70	2.4650	6.7789	5.5464	6.1627	2.302941	5.567831	2.41770
NNN	53	71	2.4650	6.7789	8.0114	7.3952	2.317031	5.567086	2.40268
NNN	54	71	2.4650	9.2439	8.0114	8.6277	2.331309	5.567831	2.38829
NNN	54	72	2.4650	9.2439	10.4764	9.8602	2.344292	5.567086	2.37474
NNN	55	56	2.4650	-10.4771	-8.0121	-9.2446	2.122213	5.567764	2.62356
NNN	55	73	2.4650	-10.4771	-9.2446	-9.8609	2.119425	5.566123	2.62624
NNN	56	57	2.4650	-8.0121	-5.5471	-6.7796	2.129741	5.567764	2.61429
NNN	56	73	2.4650	-8.0121	-9.2446	-8.6284	2.120328	5.565575	2.62486
NNN	56	74	2.4650	-8.0121	-6.7796	-7.3959	2.124163	5.566123	2.62038
NNN	57	58	2.4650	-5.5471	-3.0821	-4.3146	2.142966	5.567764	2.59816
NNN	57	74	2.4650	-5.5471	-6.7796	-6.1634	2.130515	5.565575	2.61231
NNN	57	75	2.4650	-5.5471	-4.3146	-4.9309	2.136024	5.566123	2.60583
NNN	58	59	2.4650	-3.0821	-0.6171	-1.8496	2.168502	5.567764	2.56756
NNN	58	75	2.4650	-3.0821	-4.3146	-3.6984	2.146521	5.565575	2.59283
NNN	58	76	2.4650	-3.0821	-1.8496	-2.4659	2.158663	5.566123	2.57850
NNN	59	60	2.4650	-0.6171	1.8479	0.6154	2.208195	5.567764	2.52141
NNN	59	76	2.4650	-0.6171	-1.8496	-1.2334	2.175594	5.565575	2.55819
NNN	59	77	2.4650	-0.6171	0.6154	-0.0009	2.195992	5.566123	2.53467
NNN	60	61	2.4650	1.8479	4.3129	3.0804	2.256197	5.567764	2.46777
NNN	60	77	2.4650	1.8479	0.6154	1.2316	2.219217	5.565575	2.50790
NNN	60	78	2.4650	1.8479	3.0804	2.4641	2.243040	5.566123	2.48151
NNN	61	62	2.4650	4.3129	6.7779	5.5454	2.294246	5.567764	2.42684
NNN	61	78	2.4650	4.3129	3.0804	3.6966	2.265857	5.565575	2.45628
NNN	61	79	2.4650	4.3129	5.5454	4.9291	2.283862	5.566123	2.43715
NNN	62	63	2.4650	6.7779	9.2429	8.0104	2.324199	5.567764	2.39556
NNN	62	79	2.4650	6.7779	5.5454	6.1616	2.301546	5.565575	2.41819
NNN	62	80	2.4650	6.7779	8.0104	7.3941	2.315863	5.566123	2.40348
NNN	63	80	2.4650	9.2429	8.0104	8.6266	2.329910	5.565575	2.38875
NNN	63	81	2.4650	9.2429	10.4754	9.8591	2.343070	5.566123	2.37557
NNN	64	65	2.4650	-9.2436	-6.7786	-8.0111	2.124724	5.568365	2.62075
NNN	64	82	2.4650	-9.2436	-10.4761	-9.8598	2.118883	5.567831	2.62772
NNN	64	83	2.4650	-9.2436	-8.0111	-8.6273	2.120105	5.567086	2.62585
NNN	65	66	2.4650	-6.7786	-4.3136	-5.5461	2.134138	5.568365	2.60919
NNN	65	83	2.4650	-6.7786	-8.0111	-7.3948	2.125375	5.567831	2.61969
NNN	65	84	2.4650	-6.7786	-5.5461	-6.1623	2.128578	5.567086	2.61540
NNN	66	67	2.4650	-4.3136	-1.8486	-3.0811	2.153483	5.568365	2.58575
NNN	66	84	2.4650	-4.3136	-5.5461	-4.9298	2.137636	5.567831	2.60467
NNN	66	85	2.4650	-4.3136	-3.0811	-3.6973	2.146729	5.567086	2.59329
NNN	67	68	2.4650	-1.8486	0.6164	-0.6161	2.186467	5.568365	2.54674
NNN	67	85	2.4650	-1.8486	-3.0811	-2.4648	2.158706	5.567831	2.57924
NNN	67	86	2.4650	-1.8486	-0.6161	-1.2323	2.175712	5.567086	2.55874
NNN	68	69	2.4650	0.6164	3.0814	1.8489	2.233039	5.568365	2.49363
NNN	68	86	2.4650	0.6164	-0.6161	0.0002	2.195511	5.567831	2.53601
NNN	68	87	2.4650	0.6164	1.8489	1.2327	2.219692	5.567086	2.50804
NNN	69	70	2.4650	3.0814	5.5464	4.3139	2.275252	5.568365	2.44736
NNN	69	87	2.4650	3.0814	1.8489	2.4652	2.242894	5.567831	2.48243
NNN	69	88	2.4650	3.0814	4.3139	3.6977	2.263845	5.567086	2.45913
NNN	70	71	2.4650	5.5464	8.0114	6.7789	2.309252	5.568365	2.41133
NNN	70	88	2.4650	5.5464	4.3139	4.9302	2.285254	5.567831	2.43642
NNN	70	89	2.4650	5.5464	6.7789	6.1627	2.301473	5.567086	2.41892
NNN	71	72	2.4650	8.0114	10.4764	9.2439	2.338625	5.568365	2.38104
NNN	71	89	2.4650	8.0114	6.7789	7.3952	2.315875	5.567831	2.40420
NNN	71	90	2.4650	8.0114	9.2439	8.6277	2.329764	5.567086	2.38955
NNN	72	90	2.4650	10.4764	9.2439	9.8602	2.343208	5.567831	2.37616
NNN	73	74	2.4650	-9.2446	-6.7796	-8.0121	2.123139	5.567764	2.62242
NNN	73	91	2.4650	-9.2446	-10.4771	-9.8609	2.119328	5.565575	2.62610
NNN	73	92	2.4650	-9.2446	-8.0121	-8.6284	2.121706	5.566123	2.62342
NNN	74	75	2.4650	-6.7796	-4.3146	-5.5471	2.133990	5.567764	2.60909
NNN	74	92	2.4650	-6.7796	-8.0121	-7.3959	2.124494	5.565575	2.61972
NNN	74	93	2.4650	-6.7796	-5.5471	-6.1634	2.130731	5.566123	2.61231
NNN	75	76	2.4650	-4.3146	-1.8496	-3.0821	2.153647	5.567764	2.58527
NNN	75	93	2.4650	-4.3146	-5.5471	-4.9309	2.137673	5.565575	2.60357
NNN	75	94	2.4650	-4.3146	-3.0821	-3.6984	2.147899	5.566123	2.59143
NNN	76	77	2.4650	-1.8496	0.6154	-0.6171	2.186320	5.567764	2.54664
NNN	76	94	2.4650	-1.8496	-3.0821	-2.4659	2.159657	5.565575	2.57706
NNN	76	95	2.4650	-1.8496	-0.6171	-1.2334	2.177063	5.566123	2.55671
NNN	77	78	2.4650	0.6154	3.0804	1.8479	2.231369	5.567764	2.49522
NNN	77	95	2.4650	0.6154	-0.6171	-0.0009	2.196291	5.565575	2.53408
NNN	77	96	2.4650	0.6154	1.8479	1.2316	2.220629	5.566123	2.50655
NNN	78	79	2.4650	3.0804	5.5454	4.3129	2.275037	5.567764	2.44733
NNN	78	96	2.4650	3.0804	1.8479	2.4641	2.243193	5.565575	2.48109
NNN	78	97	2.4650	3.0804	4.3129	3.6966	2.266049	5.566123	2.45631
NNN	79	80	2.4650	5.5454	8.0104	6.7779	2.309291	5.567764	2.41103
NNN	79	97	2.4650	5.5454	4.3129	4.9291	2.285109	5.565575	2.43558
NNN	79	98	2.4650	5.5454	6.7779	6.1616	2.302655	5.566123	2.41726
NNN	80	81	2.4650	8.0104	10.4754	9.2429	2.338452	5.567764	2.38096
NNN	80	98	2.4650	8.0104	6.7779	7.3941	2.316688	5.565575	2.40238
NNN	80	99	2.4650	8.0104	9.2429	8.6266	2.331008	5.566123	2.38786
NNN	81	99	2.4650	10.4754	9.2429	9.8591	2.343799	5.565575	2.37460
NNN	82	83	2.4650	-10.4761	-8.0111	-9.2436	2.119868	5.568365	2.62675
NNN	82	100	2.4650	-10.4761	-9.2436	-9.8598	2.118361	5.567086	2.62802
NNN	83	84	2.4650	-8.0111	-5.5461	-6.7786	2.127575	5.568365	2.61724
NNN	83	100	2.4650	-8.0111	-9.2436	-8.6273	2.120878	5.567831	2.62525
NNN	83	101	2.4650	-8.0111	-6.7786	-7.3948	2.125188	5.567086	2.61957
NNN	84	85	2.4650	-5.5461	-3.0811	-4.3136	2.143853	5.568365	2.59736
NNN	84	101	2.4650	-5.5461	-6.7786	-6.1623	2.129743	5.567831	2.61432
NNN	84	102	2.4650	-5.5461	-4.3136	-4.9298	2.137250	5.567086	2.60479
NNN	85	86	2.4650	-3.0811	-0.6161	-1.8486	2.167622	5.568365	2.56888
NNN	85	102	2.4650	-3.0811	-4.3136	-3.6973	2.146598	5.567831	2.59379
NNN	85	103	2.4650	-3.0811	-1.8486	-2.4648	2.158767	5.567086	2.57883
NNN	86	87	2.4650	-0.6161	1.8489	0.6164	2.207717	5.568365	2.52223
NNN	86	103	2.4650	-0.6161	-1.8486	-1.2323	2.175451	5.567831	2.55939
NNN	86	104	2.4650	-0.6161	0.6164	0.0002	2.195771	5.567086	2.53537
NNN	87	88	2.4650	1.8489	4.3139	3.0814	2.252401	5.568365	2.47219
NNN	87	104	2.4650	1.8489	0.6164	1.2327	2.218987	5.567831	2.50918
NNN	87	105	2.4650	1.8489	3.0814	2.4652	2.242529	5.567086	2.48250
NNN	88	89	2.4650	4.3139	6.7789	5.5464	2.294631	5.568365	2.42669
NNN	88	105	2.4650	4.3139	3.0814	3.6977	2.264581	5.567831	2.45866
NNN	88	106	2.4650	4.3139	5.5464	4.9302	2.284516	5.567086	2.43688
NNN	89	90	2.4650	6.7789	9.2439	8.0114	2.322735	5.568365	2.39733
NNN	89	106	2.4650	6.7789	5.5464	6.1627	2.301342	5.567831	2.41938
NNN	89	107	2.4650	6.7789	8.0114	7.3952	2.315450	5.567086	2.40432
NNN	90	107	2.4650	9.2439	8.0114	8.6277	2.329564	5.567831	2.39007
NNN	90	108	2.4650	9.2439	10.4764	9.8602	2.342654	5.567086	2.37640
NNN	91	92	2.4650	-10.4771	-8.0121	-9.2446	2.121904	5.567764	2.62395
NNN	91	109	2.4650	-10.4771	-9.2446	-9.8609	2.117767	5.566123	2.62830
NNN	92	93	2.4650	-8.0121	-5.5471	-6.7796	2.127789	5.567764	2.61669
NNN	92	109	2.4650	-8.0121	-9.2446	-8.6284	2.119464	5.565575	2.62593
NNN	92	110	2.4650	-8.0121	-6.7796	-7.3959	2.122873	5.566123	2.62198
NNN	93	94	2.4650	-5.5471	-3.0821	-4.3146	2.142442	5.567764	2.59879
NNN	93	110	2.4650	-5.5471	-6.7796	-6.1634	2.128709	5.565575	2.61453
NNN	93	111	2.4650	-5.5471	-4.3146	-4.9309	2.136113	5.566123	2.60573
NNN	94	95	2.4650	-3.0821	-0.6171	-1.8496	2.167804	5.567764	2.56839
NNN	94	111	2.4650	-3.0821	-4.3146	-3.6984	2.145972	5.565575	2.59350
NNN	94	112	2.4650	-3.0821	-1.8496	-2.4659	2.158210	5.566123	2.57905
NNN	95	96	2.4650	-0.6171	1.8479	0.6154	2.207953	5.567764	2.52169
NNN	95	112	2.4650	-0.6171	-1.8496	-1.2334	2.174940	5.565575	2.55896
NNN	95	113	2.4650	-0.6171	0.6154	-0.0009	2.194988	5.566123	2.53583
NNN	96	97	2.4650	1.8479	4.3129	3.0804	2.254145	5.567764	2.47001
NNN	96	113	2.4650	1.8479	0.6154	1.2316	2.218514	5.565575	2.50870
NNN	96	114	2.4650	1.8479	3.0804	2.4641	2.242212	5.566123	2.48243
NNN	97	98	2.4650	4.3129	6.7779	5.5454	2.293029	5.567764	2.42813
NNN	97	114	2.4650	4.3129	3.0804	3.6966	2.264576	5.565575	2.45767
NNN	97	115	2.4650	4.3129	5.5454	4.9291	2.283398	5.566123	2.43765
NNN	98	99	2.4650	6.7779	9.2429	8.0104	2.323120	5.567764	2.39667
NNN	98	115	2.4650	6.7779	5.5454	6.1616	2.300694	5.565575	2.41909
NNN	98	116	2.4650	6.7779	8.0104	7.3941	2.315148	5.566123	2.40422
NNN	99	116	2.4650	9.2429	8.0104	8.6266	2.329144	5.565575	2.38954
NNN	99	117	2.4650	9.2429	10.4754	9.8591	2.342589	5.566123	2.37606
NNN	100	101	2.4650	-9.2436	-6.7786	-8.0111	2.124026	5.568365	2.62161
NNN	100	118	2.4650	-9.2436	-10.4761	-9.8598	2.119153	5.567831	2.62739
NNN	100	119	2.4650	-9.2436	-8.0111	-8.6273	2.119987	5.567086	2.62600
NNN	101	102	2.4650	-6.7786	-4.3136	-5.5461	2.133603	5.568365	2.60984
NNN	101	119	2.4650	-6.7786	-8.0111	-7.3948	2.125320	5.567831	2.61976
NNN	101	120	2.4650	-6.7786	-5.5461	-6.1623	2.128518	5.567086	2.61548
NNN	102	103	2.4650	-4.3136	-1.8486	-3.0811	2.152952	5.568365	2.58639
NNN	102	120	2.4650	-4.3136	-5.5461	-4.9298	2.137281	5.567831	2.60510
NNN	102	121	2.4650	-4.3136	-3.0811	-3.6973	2.145524	5.567086	2.59474
NNN	103	104	2.4650	-1.8486	0.6164	-0.6161	2.186157	5.568365	2.54710
NNN	103	121	2.4650	-1.8486	-3.0811	-2.4648	2.159476	5.567831	2.57833
NNN	103	122	2.4650	-1.8486	-0.6161	-1.2323	2.175531	5.567086	2.55896
NNN	104	105	2.4650	0.6164	3.0814	1.8489	2.230692	5.568365	2.49625
NNN	104	122	2.4650	0.6164	-0.6161	0.0002	2.195738	5.567831	2.53574
NNN	104	123	2.4650	0.6164	1.8489	1.2327	2.218901	5.567086	2.50894
NNN	105	106	2.4650	3.0814	5.5464	4.3139	2.274062	5.568365	2.44864
NNN	105	123	2.4650	3.0814	1.8489	2.4652	2.243322	5.567831	2.48196
NNN	105	124	2.4650	3.0814	4.3139	3.6977	2.263609	5.567086	2.45938
NNN	106	107	2.4650	5.5464	8.0114	6.7789	2.308200	5.568365	2.41243
NNN	106	124	2.4650	5.5464	4.3139	4.9302	2.284821	5.567831	2.43688
NNN	106	125	2.4650	5.5464	6.7789	6.1627	2.301061	5.567086	2.41936
NNN	107	108	2.4650	8.0114	10.4764	9.2439	2.337635	5.568365	2.38205
NNN	107	125	2.4650	8.0114	6.7789	7.3952	2.315427	5.567831	2.40467
NNN	107	126	2.4650	8.0114	9.2439	8.6277	2.329366	5.567086	2.38996
NNN	108	126	2.4650	10.4764	9.2439	9.8602	2.343013	5.567831	2.37636
NNN	109	110	2.4650	-9.2446	-6.7796	-8.0121	2.124098	5.567764	2.62124
NNN	109	127	2.4650	-9.2446	-10.4771	-9.8609	2.119717	5.565575	2.62562
NNN	109	128	2.4650	-9.2446	-8.0121	-8.6284	2.122107	5.566123	2.62292
NNN	110	111	2.4650	-6.7796	-4.3146	-5.5471	2.134172	5.567764	2.60886
NNN	110	128	2.4650	-6.7796	-8.0121	-7.3959	2.124961	5.565575	2.61914
NNN	110	129	2.4650	-6.7796	-5.5471	-6.1634	2.130276	5.566123	2.61286
NNN	111	112	2.4650	-4.3146	-1.8496	-3.0821	2.152989	5.567764	2.58606
NNN	111	129	2.4650	-4.3146	-5.5471	-4.9309	2.136677	5.565575	2.60478
NNN	111	130	2.4650	-4.3146	-3.0821	-3.6984	2.146573	5.566123	2.59303
NNN	112	113	2.4650	-1.8496	0.6154	-0.6171	2.185851	5.567764	2.54718
NNN	112	130	2.4650	-1.8496	-3.0821	-2.4659	2.158463	5.565575	2.57849
NNN	112	131	2.4650	-1.8496	-0.6171	-1.2334	2.175694	5.566123	2.55832
NNN	113	114	2.4650	0.6154	3.0804	1.8479	2.230758	5.567764	2.49591
NNN	113	131	2.4650	0.6154	-0.6171	-0.0009	2.195731	5.565575	2.53473
NNN	113	132	2.4650	0.6154	1.8479	1.2316	2.219407	5.566123	2.50793
NNN	114	115	2.4650	3.0804	5.5454	4.3129	2.274324	5.567764	2.44810
NNN	114	132	2.4650	3.0804	1.8479	2.4641	2.243150	5.565575	2.48114
NNN	114	133	2.4650	3.0804	4.3129	3.6966	2.265361	5.566123	2.45706
NNN	115	116	2.4650	5.5454	8.0104	6.7779	2.308357	5.567764	2.41200
NNN	115	133	2.4650	5.5454	4.3129	4.9291	2.284169	5.565575	2.43659
NNN	115	134	2.4650	5.5454	6.7779	6.1616	2.301214	5.566123	2.41878
NNN	116	117	2.4650	8.0104	10.4754	9.2429	2.337831	5.567764	2.38159
NNN	116	134	2.4650	8.0104	6.7779	7.3941	2.315240	5.565575	2.40389
NNN	116	135	2.4650	8.0104	9.2429	8.6266	2.329615	5.566123	2.38929
NNN	117	135	2.4650	10.4754	9.2429	9.8591	2.342758	5.565575	2.37565
NNN	118	119	2.4650	-10.4761	-8.0111	-9.2436	2.120137	5.568365	2.62642
NNN	118	136	2.4650	-10.4761	-9.2436	-9.8598	2.120327	5.567086	2.62558
NNN	119	120	2.4650	-8.0111	-5.5461	-6.7786	2.127845	5.568365	2.61690
NNN	119	136	2.4650	-8.0111	-9.2436	-8.6273	2.122125	5.567831	2.62371
NNN	119	137	2.4650	-8.0111	-6.7786	-7.3948	2.126143	5.567086	2.61840
NNN	120	121	2.4650	-5.5461	-3.0811	-4.3136	2.142364	5.568365	2.59917
NNN	120	137	2.4650	-5.5461	-6.7786	-6.1623	2.131689	5.567831	2.61193
NNN	120	138	2.4650	-5.5461	-4.3136	-4.9298	2.139024	5.567086	2.60263
NNN	121	122	2.4650	-3.0811	-0.6161	-1.8486	2.169798	5.568365	2.56631
NNN	121	138	2.4650	-3.0811	-4.3136	-3.6973	2.148219	5.567831	2.59184
NNN	121	139	2.4650	-3.0811	-1.8486	-2.4648	2.161117	5.567086	2.57602
NNN	122	123	2.4650	-0.6161	1.8489	0.6164	2.206889	5.568365	2.52317
NNN	122	139	2.4650	-0.6161	-1.8486	-1.2323	2.177756	5.567831	2.55668
NNN	122	140	2.4650	-0.6161	0.6164	0.0002	2.196517	5.567086	2.53451
NNN	123	124	2.4650	1.8489	4.3139	3.0814	2.253630	5.568365	2.47084
NNN	123	140	2.4650	1.8489	0.6164	1.2327	2.220202	5.567831	2.50780
NNN	123	141	2.4650	1.8489	3.0814	2.4652	2.243699	5.567086	2.48121
NNN	124	125	2.4650	4.3139	6.7789	5.5464	2.294892	5.568365	2.42642
NNN	124	141	2.4650	4.3139	3.0814	3.6977	2.265828	5.567831	2.45731
NNN	124	142	2.4650	4.3139	5.5464	4.9302	2.286584	5.567086	2.43467
NNN	125	126	2.4650	6.7789	9.2439	8.0114	2.323267	5.568365	2.39678
NNN	125	142	2.4650	6.7789	5.5464	6.1627	2.303539	5.567831	2.41708
NNN	125	143	2.4650	6.7789	8.0114	7.3952	2.317774	5.567086	2.40191
NNN	126	143	2.4650	9.2439	8.0114	8.6277	2.331962	5.567831	2.38762
NNN	126	144	2.4650	9.2439	10.4764	9.8602	2.344974	5.567086	2.37405
NNN	127	128	2.4650	-10.4771	-8.0121	-9.2446	2.121852	5.567764	2.62401
NNN	127	145	2.4650	-10.4771	-9.2446	-9.8609	2.119255	5.566123	2.62645
NNN	128	129	2.4650	-8.0121	-5.5471	-6.7796	2.126637	5.567764	2.61811
NNN	128	145	2.4650	-8.0121	-9.2446	-8.6284	2.121271	5.565575	2.62370
NNN	128	146	2.4650	-8.0121	-6.7796	-7.3959	2.124715	5.566123	2.61970
NNN	129	130	2.4650	-5.5471	-3.0821	-4.3146	2.144159	5.567764	2.59671
NNN	129	146	2.4650	-5.5471	-6.7796	-6.1634	2.129629	5.565575	2.61340
NNN	129	147	2.4650	-5.5471	-4.3146	-4.9309	2.137608	5.566123	2.60390
NNN	130	131	2.4650	-3.0821	-0.6171	-1.8496	2.168304	5.567764	2.56780
NNN	130	147	2.4650	-3.0821	-4.3146	-3.6984	2.147087	5.565575	2.59215
NNN	130	148	2.4650	-3.0821	-1.8496	-2.4659	2.159179	5.566123	2.57789
NNN	131	132	2.4650	-0.6171	1.8479	0.6154	2.207106	5.567764	2.52265
NNN	131	148	2.4650	-0.6171	-1.8496	-1.2334	2.176235	5.565575	2.55743
NNN	131	149	2.4650	-0.6171	0.6154	-0.0009	2.196370	5.566123	2.53424
NNN	132	133	2.4650	1.8479	4.3129	3.0804	2.256147	5.567764	2.46782
NNN	132	149	2.4650	1.8479	0.6154	1.2316	2.219346	5.565575	2.50775
NNN	132	150	2.4650	1.8479	3.0804	2.4641	2.244117	5.566123	2.48032
NNN	133	134	2.4650	4.3129	6.7779	5.5454	2.293354	5.567764	2.42778
NNN	133	150	2.4650	4.3129	3.0804	3.6966	2.266145	5.565575	2.45597
NNN	133	151	2.4650	4.3129	5.5454	4.9291	2.284437	5.566123	2.43654
NNN	134	135	2.4650	6.7779	9.2429	8.0104	2.323554	5.567764	2.39623
NNN	134	151	2.4650	6.7779	5.5454	6.1616	2.302048	5.565575	2.41766
NNN	134	152	2.4650	6.7779	8.0104	7.3941	2.316557	5.566123	2.40276
NNN	135	152	2.4650	9.2429	8.0104	8.6266	2.330601	5.565575	2.38804
NNN	135	153	2.4650	9.2429	10.4754	9.8591	2.343831	5.566123	2.37480
NNN	136	137	2.4650	-9.2436	-6.7786	-8.0111	2.124411	5.568365	2.62113
NNN	136	154	2.4650	-9.2436	-10.4761	-9.8598	2.120997	5.567831	2.62510
NNN	136	155	2.4650	-9.2436	-8.0111	-8.6273	2.121831	5.567086	2.62372
NNN	137	138	2.4650	-6.7786	-4.3136	-5.5461	2.134952	5.568365	2.60819
NNN	137	155	2.4650	-6.7786	-8.0111	-7.3948	2.125876	5.567831	2.61908
NNN	137	156	2.4650	-6.7786	-5.5461	-6.1623	2.130259	5.567086	2.61334
NNN	138	139	2.4650	-4.3136	-1.8486	-3.0811	2.154214	5.568365	2.58487
NNN	138	156	2.4650	-4.3136	-5.5461	-4.9298	2.138606	5.567831	2.60349
NNN	138	157	2.4650	-4.3136	-3.0811	-3.6973	2.147067	5.567086	2.59288
NNN	139	140	2.4650	-1.8486	0.6164	-0.6161	2.186888	5.568365	2.54625
NNN	139	157	2.4650	-1.8486	-3.0811	-2.4648	2.160905	5.567831	2.57662
NNN	139	158	2.4650	-1.8486	-0.6161	-1.2323	2.176990	5.567086	2.55724
NNN	140	141	2.4650	0.6164	3.0814	1.8489	2.232690	5.568365	2.49402
NNN	140	158	2.4650	0.6164	-0.6161	0.0002	2.198623	5.567831	2.53242
NNN	140	159	2.4650	0.6164	1.8489	1.2327	2.222695	5.567086	2.50466
NNN	141	142	2.4650	3.0814	5.5464	4.3139	2.275812	5.568365	2.44676
NNN	141	159	2.4650	3.0814	1.8489	2.4652	2.245731	5.567831	2.47930
NNN	141	160	2.4650	3.0814	4.3139	3.6977	2.266878	5.567086	2.45584
NNN	142	143	2.4650	5.5464	8.0114	6.7789	2.310109	5.568365	2.41043
NNN	142	160	2.4650	5.5464	4.3139	4.9302	2.286702	5.567831	2.43487
NNN	142	161	2.4650	5.5464	6.7789	6.1627	2.303023	5.567086	2.41729
NNN	143	144	2.4650	8.0114	10.4764	9.2439	2.339498	5.568365	2.38015
NNN	143	161	2.4650	8.0114	6.7789	7.3952	2.317540	5.567831	2.40247
NNN	143	162	2.4650	8.0114	9.2439	8.6277	2.331561	5.567086	2.38771
NNN	144	162	2.4650	10.4764	9.2439	9.8602	2.345052	5.567831	2.37429
NNN	145	146	2.4650	-9.2446	-6.7796	-8.0121	2.125596	5.567764	2.61939
NNN	145	163	2.4650	-9.2446	-10.4771	-9.8609	2.120438	5.565575	2.62473
NNN	145	164	2.4650	-9.2446	-8.0121	-8.6284	2.123122	5.566123	2.62167
NNN	146	147	2.4650	-6.7796	-4.3146	-5.5471	2.134957	5.567764	2.60790
NNN	146	164	2.4650	-6.7796	-8.0121	-7.3959	2.126348	5.565575	2.61743
NNN	146	165	2.4650	-6.7796	-5.5471	-6.1634	2.130643	5.566123	2.61241
NNN	147	148	2.4650	-4.3146	-1.8496	-3.0821	2.154627	5.567764	2.58410
NNN	147	165	2.4650	-4.3146	-5.5471	-4.9309	2.138787	5.565575	2.60221
NNN	147	166	2.4650	-4.3146	-3.0821	-3.6984	2.148585	5.566123	2.59060
NNN	148	149	2.4650	-1.8496	0.6154	-0.6171	2.187444	5.567764	2.54533
NNN	148	166	2.4650	-1.8496	-3.0821	-2.4659	2.160481	5.565575	2.57608
NNN	148	167	2.4650	-1.8496	-0.6171	-1.2334	2.177864	5.566123	2.55577
NNN	149	150	2.4650	0.6154	3.0804	1.8479	2.232713	5.567764	2.49372
NNN	149	167	2.4650	0.6154	-0.6171	-0.0009	2.197286	5.565575	2.53293
NNN	149	168	2.4650	0.6154	1.8479	1.2316	2.221825	5.566123	2.50520
NNN	150	151	2.4650	3.0804	5.5454	4.3129	2.276643	5.567764	2.44560
NNN	150	168	2.4650	3.0804	1.8479	2.4641	2.244681	5.565575	2.47945
NNN	150	169	2.4650	3.0804	4.3129	3.6966	2.267701	5.566123	2.45452
NNN	151	152	2.4650	5.5454	8.0104	6.7779	2.311010	5.567764	2.40923
NNN	151	169	2.4650	5.5454	4.3129	4.9291	2.286675	5.565575	2.43392
NNN	151	170	2.4650	5.5454	6.7779	6.1616	2.304333	5.566123	2.41550
NNN	152	153	2.4650	8.0104	10.4754	9.2429	2.340187	5.567764	2.37920
NNN	152	170	2.4650	8.0104	6.7779	7.3941	2.318422	5.565575	2.40059
NNN	152	171	2.4650	8.0104	9.2429	8.6266	2.332924	5.566123	2.38590
NNN	153	171	2.4650	10.4754	9.2429	9.8591	2.345845	5.565575	2.37253
NNN	154	155	2.4650	-10.4761	-8.0111	-9.2436	2.123562	5.568365	2.62218
NNN	154	172	2.4650	-10.4761	-9.2436	-9.8598	2.121452	5.567086	2.62419
NNN	155	156	2.4650	-8.0111	-5.5461	-6.7786	2.128728	5.568365	2.61582
NNN	155	172	2.4650	-8.0111	-9.2436	-8.6273	2.122966	5.567831	2.62267
NNN	155	173	2.4650	-8.0111	-6.7786	-7.3948	2.126291	5.567086	2.61821
NNN	156	157	2.4650	-5.5461	-3.0811	-4.3136	2.143937	5.568365	2.59726
NNN	156	173	2.4650	-5.5461	-6.7786	-6.1623	2.132515	5.567831	2.61092
NNN	156	174	2.4650	-5.5461	-4.3136	-4.9298	2.139863	5.567086	2.60161
NNN	157	158	2.4650	-3.0811	-0.6161	-1.8486	2.171477	5.568365	2.56432
NNN	157	174	2.4650	-3.0811	-4.3136	-3.6973	2.149240	5.567831	2.59061
NNN	157	175	2.4650	-3.0811	-1.8486	-2.4648	2.162180	5.567086	2.57476
NNN	158	159	2.4650	-0.6161	1.8489	0.6164	2.210268	5.568365	2.51932
NNN	158	175	2.4650	-0.6161	-1.8486	-1.2323	2.178975	5.567831	2.55525
NNN	158	176	2.4650	-0.6161	0.6164	0.0002	2.198872	5.567086	2.53179
NNN	159	160	2.4650	1.8489	4.3139	3.0814	2.255112	5.568365	2.46922
NNN	159	176	2.4650	1.8489	0.6164	1.2327	2.223227	5.567831	2.50439
NNN	159	177	2.4650	1.8489	3.0814	2.4652	2.246191	5.567086	2.47846
NNN	160	161	2.4650	4.3139	6.7789	5.5464	2.297406	5.568365	2.42376
NNN	160	177	2.4650	4.3139	3.0814	3.6977	2.268893	5.567831	2.45399
NNN	160	178	2.4650	4.3139	5.5464	4.9302	2.288581	5.567086	2.43255
NNN	161	162	2.4650	6.7789	9.2439	8.0114	2.325980	5.568365	2.39399
NNN	161	178	2.4650	6.7789	5.5464	6.1627	2.305928	5.567831	2.41457
NNN	161	179	2.4650	6.7789	8.0114	7.3952	2.319671	5.567086	2.39995
NNN	162	179	2.4650	9.2439	8.0114	8.6277	2.334259	5.567831	2.38527
NNN	162	180	2.4650	9.2439	10.4764	9.8602	2.347272	5.567086	2.37173
NNN	163	164	2.4650	-10.4771	-8.0121	-9.2446	2.124742	5.567764	2.62044
NNN	163	181	2.4650	-10.4771	-9.2446	-9.8609	2.124151	5.566123	2.62040
NNN	164	165	2.4650	-8.0121	-5.5471	-6.7796	2.129557	5.567764	2.61452
NNN	164	181	2.4650	-8.0121	-9.2446	-8.6284	2.125893	5.565575	2.61799
NNN	164	182	2.4650	-8.0121	-6.7796	-7.3959	2.129271	5.566123	2.61410
NNN	165	166	2.4650	-5.5471	-3.0821	-4.3146	2.147610	5.567764	2.59254
NNN	165	182	2.4650	-5.5471	-6.7796	-6.1634	2.134921	5.565575	2.60692
NNN	165	183	2.4650	-5.5471	-4.3146	-4.9309	2.143056	5.566123	2.59728
NNN	166	167	2.4650	-3.0821	-0.6171	-1.8496	2.171819	5.567764	2.56364
NNN	166	183	2.4650	-3.0821	-4.3146	-3.6984	2.152324	5.565575	2.58585
NNN	166	184	2.4650	-3.0821	-1.8496	-2.4659	2.164708	5.566123	2.57130
NNN	167	168	2.4650	-0.6171	1.8479	0.6154	2.212125	5.567764	2.51693
NNN	167	184	2.4650	-0.6171	-1.8496	-1.2334	2.181671	5.565575	2.55106
NNN	167	185	2.4650	-0.6171	0.6154	-0.0009	2.202363	5.566123	2.52734
NNN	168	169	2.4650	1.8479	4.3129	3.0804	2.258742	5.567764	2.46498
NNN	168	185	2.4650	1.8479	0.6154	1.2316	2.226193	5.565575	2.50004
NNN	168	186	2.4650	1.8479	3.0804	2.4641	2.249819	5.566123	2.47403
NNN	169	170	2.4650	4.3129	6.7779	5.5454	2.297980	5.567764	2.42289
NNN	169	186	2.4650	4.3129	3.0804	3.6966	2.272430	5.565575	2.44917
NNN	169	187	2.4650	4.3129	5.5454	4.9291	2.291538	5.566123	2.42899
NNN	170	171	2.4650	6.7779	9.2429	8.0104	2.328381	5.567764	2.39126
NNN	170	187	2.4650	6.7779	5.5454	6.1616	2.309039	5.565575	2.41034
NNN	170	188	2.4650	6.7779	8.0104	7.3941	2.323954	5.566123	2.39511
NNN	171	188	2.4650	9.2429	8.0104	8.6266	2.337737	5.565575	2.38075
NNN	171	189	2.4650	9.2429	10.4754	9.8591	2.351097	5.566123	2.36746
NNN	172	173	2.4650	-9.2436	-6.7786	-8.0111	2.126610	5.568365	2.61842
NNN	172	190	2.4650	-9.2436	-10.4761	-9.8598	2.125729	5.567831	2.61926
NNN	172	191	2.4650	-9.2436	-8.0111	-8.6273	2.126978	5.567086	2.61737
NNN	173	174	2.4650	-6.7786	-4.3136	-5.5461	2.137499	5.568365	2.60508
NNN	173	191	2.4650	-6.7786	-8.0111	-7.3948	2.131883	5.567831	2.61170
NNN	173	192	2.4650	-6.7786	-5.5461	-6.1623	2.136277	5.567086	2.60598
NNN	174	175	2.4650	-4.3136	-1.8486	-3.0811	2.157145	5.568365	2.58136
NNN	174	192	2.4650	-4.3136	-5.5461	-4.9298	2.144555	5.567831	2.59626
NNN	174	193	2.4650	-4.3136	-3.0811	-3.6973	2.153312	5.567086	2.58536
NNN	175	176	2.4650	-1.8486	0.6164	-0.6161	2.190239	5.568365	2.54236
NNN	175	193	2.4650	-1.8486	-3.0811	-2.4648	2.167233	5.567831	2.56910
NNN	175	194	2.4650	-1.8486	-0.6161	-1.2323	2.183607	5.567086	2.54949
NNN	176	177	2.4650	0.6164	3.0814	1.8489	2.235817	5.568365	2.49053
NNN	176	194	2.4650	0.6164	-0.6161	0.0002	2.204014	5.567831	2.52622
NNN	176	195	2.4650	0.6164	1.8489	1.2327	2.228079	5.567086	2.49860
NNN	177	178	2.4650	3.0814	5.5464	4.3139	2.279916	5.568365	2.44236
NNN	177	195	2.4650	3.0814	1.8489	2.4652	2.251804	5.567831	2.47261
NNN	177	196	2.4650	3.0814	4.3139	3.6977	2.274406	5.567086	2.44771
NNN	178	179	2.4650	5.5464	8.0114	6.7789	2.314534	5.568365	2.40583
NNN	178	196	2.4650	5.5464	4.3139	4.9302	2.294027	5.567831	2.42710
NNN	178	197	2.4650	5.5464	6.7789	6.1627	2.311324	5.567086	2.40861
NNN	179	180	2.4650	8.0114	10.4764	9.2439	2.343998	5.568365	2.37558
NNN	179	197	2.4650	8.0114	6.7789	7.3952	2.326032	5.567831	2.39370
NNN	179	198	2.4650	8.0114	9.2439	8.6277	2.339921	5.567086	2.37918
NNN	180	198	2.4650	10.4764	9.2439	9.8602	2.353614	5.567831	2.36565
NNN	181	182	2.4650	-9.2446	-6.7796	-8.0121	2.129422	5.567764	2.61468
NNN	182	183	2.4650	-6.7796	-4.3146	-5.5471	2.140256	5.567764	2.60145
NNN	183	184	2.4650	-4.3146	-1.8496	-3.0821	2.159898	5.567764	2.57779
NNN	184	185	2.4650	-1.8496	0.6154	-0.6171	2.193235	5.567764	2.53861
NNN	185	186	2.4650	0.6154	3.0804	1.8479	2.239216	5.567764	2.48648
NNN	186	187	2.4650	3.0804	5.5454	4.3129	2.283373	5.567764	2.43839
NNN	187	188	2.4650	5.5454	8.0104	6.7779	2.318041	5.567764	2.40193
NNN	188	189	2.4650	8.0104	10.4754	9.2429	2.347831	5.567764	2.37145
NNN	190	191	2.4650	-10.4761	-8.0111	-9.2436	2.128781	5.568365	2.61575
NNN	191	192	2.4650	-8.0111	-5.5461	-6.7786	2.136655	5.568365	2.60611
NNN	192	193	2.4650	-5.5461	-3.0811	-4.3136	2.151187	5.568365	2.58851
NNN	193	194	2.4650	-3.0811	-0.6161	-1.8486	2.179156	5.568365	2.55528
NNN	194	195	2.4650	-0.6161	1.8489	0.6164	2.218520	5.568365	2.50995
NNN	195	196	2.4650	1.8489	4.3139	3.0814	2.265717	5.568365	2.45766
NNN	196	197	2.4650	4.3139	6.7789	5.5464	2.305312	5.568365	2.41545
NNN	197	198	2.4650	6.7789	9.2439	8.0114	2.336149	5.568365	2.38357
3NN	1	28	2.8472	-9.2446	-9.2436	-9.2441	1.830094	4.856084	2.65346
3NN	2	29	2.8472	-6.7796	-6.7786	-6.7791	1.837661	4.856084	2.64253
3NN	3	30	2.8472	-4.3146	-4.3136	-4.3141	1.851678	4.856084	2.62253
3NN	4	31	2.8472	-1.8496	-1.8486	-1.8491	1.877108	4.856084	2.58700
3NN	5	32	2.8472	0.6154	0.6164	0.6159	1.918209	4.856084	2.53157
3NN	6	33	2.8472	3.0804	3.0814	3.0809	1.964689	4.856084	2.47168
3NN	7	34	2.8472	5.5454	5.5464	5.5459	2.003153	4.856084	2.42422
3NN	8	35	2.8472	8.0104	8.0114	8.0109	2.033315	4.856084	2.38826
3NN	9	36	2.8472	10.4754	10.4764	10.4759	2.059129	4.856084	2.35832
3NN	10	20	2.8450	-10.4761	-8.0121	-9.2441	1.831950	4.858110	2.65188
3NN	11	19	2.8468	-8.0111	-10.4771	-9.2441	1.831146	4.856370	2.65209
3NN	11	21	2.8450	-8.0111	-5.5471	-6.7791	1.838748	4.858110	2.64207
3NN	12	20	2.8468	-5.5461	-8.0121	-6.7791	1.836367	4.856370	2.64455
3NN	12	22	2.8450	-5.5461	-3.0821	-4.3141	1.854401	4.858110	2.61977
3NN	13	21	2.8468	-3.0811	-5.5471	-4.3141	1.850730	4.856370	2.62403
3NN	13	23	2.8450	-3.0811	-0.6171	-1.8491	1.879890	4.858110	2.58425
3NN	14	22	2.8468	-0.6161	-3.0821	-1.8491	1.877922	4.856370	2.58603
3NN	14	24	2.8450	-0.6161	1.8479	0.6159	1.918213	4.858110	2.53262
3NN	15	23	2.8468	1.8489	-0.6171	0.6159	1.916986	4.856370	2.53334
3NN	15	25	2.8450	1.8489	4.3129	3.0809	1.964287	4.858110	2.47322
3NN	16	24	2.8468	4.3139	1.8479	3.0809	1.961934	4.856370	2.47530
3NN	16	26	2.8450	4.3139	6.7779	5.5459	2.004474	4.858110	2.42363
3NN	17	25	2.8468	6.7789	4.3129	5.5459	2.002242	4.856370	2.42547
3NN	17	27	2.8450	6.7789	9.2429	8.0109	2.033618	4.858110	2.38890
3NN	18	26	2.8468	9.2439	6.7779	8.0109	2.032740	4.856370	2.38908
3NN	19	46	2.8472	-10.4771	-10.4761	-10.4766	1.825929	4.856084	2.65951
3NN	20	47	2.8472	-8.0121	-8.0111	-8.0116	1.831709	4.856084	2.65112
3NN	21	48	2.8472	-5.5471	-5.5461	-5.5466	1.842276	4.856084	2.63591
3NN	22	49	2.8472	-3.0821	-3.0811	-3.0816	1.860282	4.856084	2.61040
3NN	23	50	2.8472	-0.6171	-0.6161	-0.6166	1.892848	4.856084	2.56549
3NN	24	51	2.8472	1.8479	1.8489	1.8484	1.939904	4.856084	2.50326
3NN	25	52	2.8472	4.3129	4.3139	4.3134	1.982872	4.856084	2.44902
3NN	26	53	2.8472	6.7779	6.7789	6.7784	2.015613	4.856084	2.40923
3NN	27	54	2.8472	9.2429	9.2439	9.2434	2.042469	4.856084	2.37756
3NN	28	38	2.8450	-9.2436	-6.7796	-8.0116	1.831323	4.858110	2.65279
3NN	29	37	2.8468	-6.7786	-9.2446	-8.0116	1.830512	4.856370	2.65301
3NN	29	39	2.8450	-6.7786	-4.3146	-5.5466	1.841797	4.858110	2.63770
3NN	30	38	2.8468	-4.3136	-6.7796	-5.5466	1.841581	4.856370	2.63707
3NN	30	40	2.8450	-4.3136	-1.8496	-3.0816	1.861482	4.858110	2.60981
3NN	31	39	2.8468	-1.8486	-4.3146	-3.0816	1.860508	4.856370	2.61024
3NN	31	41	2.8450	-1.8486	0.6154	-0.6166	1.893792	4.858110	2.56528
3NN	32	40	2.8468	0.6164	-1.8496	-0.6166	1.892781	4.856370	2.56573
3NN	32	42	2.8450	0.6164	3.0804	1.8484	1.938157	4.858110	2.50656
3NN	33	41	2.8468	3.0814	0.6154	1.8484	1.937286	4.856370	2.50679
3NN	33	43	2.8450	3.0814	5.5454	4.3134	1.981009	4.858110	2.45234
3NN	34	42	2.8468	5.5464	3.0804	4.3134	1.980811	4.856370	2.45171
3NN	34	44	2.8450	5.5464	8.0104	6.7784	2.015351	4.858110	2.41055
3NN	35	43	2.8468	8.0114	5.5454	6.7784	2.014524	4.856370	2.41068
3NN	35	45	2.8450	8.0114	10.4754	9.2434	2.044310	4.858110	2.37641
3NN	36	44	2.8468	10.4764	8.0104	9.2434	2.043263	4.856370	2.37677
3NN	37	64	2.8472	-9.2446	-9.2436	-9.2441	1.825843	4.856084	2.65964
3NN	38	65	2.8472	-6.7796	-6.7786	-6.7791	1.833394	4.856084	2.64868
3NN	39	66	2.8472	-4.3146	-4.3136	-4.3141	1.847378	4.856084	2.62864
3NN	40	67	2.8472	-1.8496	-1.8486	-1.8491	1.872551	4.856084	2.59330
3NN	41	68	2.8472	0.6154	0.6164	0.6159	1.912973	4.856084	2.53850
3NN	42	69	2.8472	3.0804	3.0814	3.0809	1.959058	4.856084	2.47878
3NN	43	70	2.8472	5.5454	5.5464	5.5459	1.997199	4.856084	2.43145
3NN	44	71	2.8472	8.0104	8.0114	8.0109	2.027024	4.856084	2.39567
3NN	45	72	2.8472	10.4754	10.4764	10.4759	2.052901	4.856084	2.36547
3NN	46	56	2.8450	-10.4761	-8.0121	-9.2441	1.827243	4.858110	2.65871
3NN	47	55	2.8468	-8.0111	-10.4771	-9.2441	1.827513	4.856370	2.65737
3NN	47	57	2.8450	-8.0111	-5.5471	-6.7791	1.834681	4.858110	2.64793
3NN	48	56	2.8468	-5.5461	-8.0121	-6.7791	1.832712	4.856370	2.64983
3NN	48	58	2.8450	-5.5461	-3.0821	-4.3141	1.849646	4.858110	2.62651
3NN	49	57	2.8468	-3.0811	-5.5471	-4.3141	1.847815	4.856370	2.62817
3NN	49	59	2.8450	-3.0811	-0.6171	-1.8491	1.873564	4.858110	2.59298
3NN	50	58	2.8468	-0.6161	-3.0821	-1.8491	1.872911	4.856370	2.59295
3NN	50	60	2.8450	-0.6161	1.8479	0.6159	1.912600	4.858110	2.54006
3NN	51	59	2.8468	1.8489	-0.6171	0.6159	1.911000	4.856370	2.54127
3NN	51	61	2.8450	1.8489	4.3129	3.0809	1.959974	4.858110	2.47866
3NN	52	60	2.8468	4.3139	1.8479	3.0809	1.957104	4.856370	2.48141
3NN	52	62	2.8450	4.3139	6.7779	5.5459	1.998070	4.858110	2.43140
3NN	53	61	2.8468	6.7789	4.3129	5.5459	1.996413	4.856370	2.43255
3NN	53	63	2.8450	6.7789	9.2429	8.0109	2.026701	4.858110	2.39705
3NN	54	62	2.8468	9.2439	6.7779	8.0109	2.026136	4.856370	2.39686
3NN	55	82	2.8472	-10.4771	-10.4761	-10.4766	1.824003	4.856084	2.66232
3NN	56	83	2.8472	-8.0121	-8.0111	-8.0116	1.828000	4.856084	2.65650
3NN	57	84	2.8472	-5.5471	-5.5461	-5.5466	1.838759	4.856084	2.64096
3NN	58	85	2.8472	-3.0821	-3.0811	-3.0816	1.857767	4.856084	2.61394
3NN	59	86	2.8472	-0.6171	-0.6161	-0.6166	1.890079	4.856084	2.56925
3NN	60	87	2.8472	1.8479	1.8489	1.8484	1.935124	4.856084	2.50944
3NN	61	88	2.8472	4.3129	4.3139	4.3134	1.978542	4.856084	2.45438
3NN	62	89	2.8472	6.7779	6.7789	6.7784	2.011991	4.856084	2.41357
3NN	63	90	2.8472	9.2429	9.2439	9.2434	2.038727	4.856084	2.38192
3NN	64	74	2.8450	-9.2436	-6.7796	-8.0116	1.828905	4.858110	2.65629
3NN	65	73	2.8468	-6.7786	-9.2446	-8.0116	1.828494	4.856370	2.65594
3NN	65	75	2.8450	-6.7786	-4.3146	-5.5466	1.838882	4.858110	2.64188
3NN	66	74	2.8468	-4.3136	-6.7796	-5.5466	1.838568	4.856370	2.64139
3NN	66	76	2.8450	-4.3136	-1.8496	-3.0816	1.858189	4.858110	2.61443
3NN	67	75	2.8468	-1.8486	-4.3146	-3.0816	1.857692	4.856370	2.61420
3NN	67	77	2.8450	-1.8486	0.6154	-0.6166	1.890451	4.858110	2.56982
3NN	68	76	2.8468	0.6164	-1.8496	-0.6166	1.889577	4.856370	2.57008
3NN	68	78	2.8450	0.6164	3.0804	1.8484	1.935139	4.858110	2.51047
3NN	69	77	2.8468	3.0814	0.6154	1.8484	1.934615	4.856370	2.51025
3NN	69	79	2.8450	3.0814	5.5454	4.3134	1.977233	4.858110	2.45702
3NN	70	78	2.8468	5.5464	3.0804	4.3134	1.977047	4.856370	2.45638
3NN	70	80	2.8450	5.5464	8.0104	6.7784	2.011106	4.858110	2.41564
3NN	71	79	2.8468	8.0114	5.5454	6.7784	2.010762	4.856370	2.41519
3NN	71	81	2.8450	8.0114	10.4754	9.2434	2.039941	4.858110	2.38150
3NN	72	80	2.8468	10.4764	8.0104	9.2434	2.039402	4.856370	2.38127
3NN	73	100	2.8472	-9.2446	-9.2436	-9.2441	1.824614	4.856084	2.66143
3NN	74	101	2.8472	-6.7796	-6.7786	-6.7791	1.832064	4.856084	2.65061
3NN	75	102	2.8472	-4.3146	-4.3136	-4.3141	1.846439	4.856084	2.62997
3NN	76	103	2.8472	-1.8496	-1.8486	-1.8491	1.871404	4.856084	2.59489
3NN	77	104	2.8472	0.6154	0.6164	0.6159	1.911040	4.856084	2.54107
3NN	78	105	2.8472	3.0804	3.0814	3.0809	1.957023	4.856084	2.48136
3NN	79	106	2.8472	5.5454	5.5464	5.5459	1.995616	4.856084	2.43338
3NN	80	107	2.8472	8.0104	8.0114	8.0109	2.025300	4.856084	2.39771
3NN	81	108	2.8472	10.4754	10.4764	10.4759	2.050929	4.856084	2.36775
3NN	82	92	2.8450	-10.4761	-8.0121	-9.2441	1.827104	4.858110	2.65891
3NN	83	91	2.8468	-8.0111	-10.4771	-9.2441	1.825456	4.856370	2.66036
3NN	83	93	2.8450	-8.0111	-5.5471	-6.7791	1.834777	4.858110	2.64779
3NN	84	92	2.8468	-5.5461	-8.0121	-6.7791	1.831817	4.856370	2.65112
3NN	84	94	2.8450	-5.5461	-3.0821	-4.3141	1.849236	4.858110	2.62709
3NN	85	93	2.8468	-3.0811	-5.5471	-4.3141	1.847395	4.856370	2.62877
3NN	85	95	2.8450	-3.0811	-0.6171	-1.8491	1.873215	4.858110	2.59346
3NN	86	94	2.8468	-0.6161	-3.0821	-1.8491	1.872246	4.856370	2.59387
3NN	86	96	2.8450	-0.6161	1.8479	0.6159	1.912327	4.858110	2.54042
3NN	87	95	2.8468	1.8489	-0.6171	0.6159	1.911435	4.856370	2.54069
3NN	87	97	2.8450	1.8489	4.3129	3.0809	1.957587	4.858110	2.48168
3NN	88	96	2.8468	4.3139	1.8479	3.0809	1.955775	4.856370	2.48309
3NN	88	98	2.8450	4.3139	6.7779	5.5459	1.997168	4.858110	2.43250
3NN	89	97	2.8468	6.7789	4.3129	5.5459	1.995370	4.856370	2.43382
3NN	89	99	2.8450	6.7789	9.2429	8.0109	2.025877	4.858110	2.39803
3NN	90	98	2.8468	9.2439	6.7779	8.0109	2.024997	4.856370	2.39821
3NN	91	118	2.8472	-10.4771	-10.4761	-10.4766	1.822319	4.856084	2.66478
3NN	92	119	2.8472	-8.0121	-8.0111	-8.0116	1.826754	4.856084	2.65831
3NN	93	120	2.8472	-5.5471	-5.5461	-5.5466	1.836640	4.856084	2.64400
3NN	94	121	2.8472	-3.0821	-3.0811	-3.0816	1.855608	4.856084	2.61698
3NN	95	122	2.8472	-0.6171	-0.6161	-0.6166	1.887781	4.856084	2.57238
3NN	96	123	2.8472	1.8479	1.8489	1.8484	1.933321	4.856084	2.51178
3NN	97	124	2.8472	4.3129	4.3139	4.3134	1.976199	4.856084	2.45729
3NN	98	125	2.8472	6.7779	6.7789	6.7784	2.009585	4.856084	2.41646
3NN	99	126	2.8472	9.2429	9.2439	9.2434	2.036575	4.856084	2.38444
3NN	100	110	2.8450	-9.2436	-6.7796	-8.0116	1.828934	4.858110	2.65625
3NN	101	109	2.8468	-6.7786	-9.2446	-8.0116	1.828220	4.856370	2.65634
3NN	101	111	2.8450	-6.7786	-4.3146	-5.5466	1.839352	4.858110	2.64121
3NN	102	110	2.8468	-4.3136	-6.7796	-5.5466	1.838595	4.856370	2.64135
3NN	102	112	2.8450	-4.3136	-1.8496	-3.0816	1.858677	4.858110	2.61375
3NN	103	111	2.8468	-1.8486	-4.3146	-3.0816	1.857838	4.856370	2.61399
3NN	103	113	2.8450	-1.8486	0.6154	-0.6166	1.890688	4.858110	2.56949
3NN	104	112	2.8468	0.6164	-1.8496	-0.6166	1.890317	4.856370	2.56908
3NN	104	114	2.8450	0.6164	3.0804	1.8484	1.934986	4.858110	2.51067
3NN	105	113	2.8468	3.0814	0.6154	1.8484	1.933791	4.856370	2.51132
3NN	105	115	2.8450	3.0814	5.5454	4.3134	1.977394	4.858110	2.45682
3NN	106	114	2.8468	5.5464	3.0804	4.3134	1.976920	4.856370	2.45653
3NN	106	116	2.8450	5.5464	8.0104	6.7784	2.011358	4.858110	2.41534
3NN	107	115	2.8468	8.0114	5.5454	6.7784	2.010564	4.856370	2.41543
3NN	107	117	2.8450	8.0114	10.4754	9.2434	2.040009	4.858110	2.38142
3NN	108	116	2.8468	10.4764	8.0104	9.2434	2.039255	4.856370	2.38144
3NN	109	136	2.8472	-9.2446	-9.2436	-9.2441	1.826379	4.856084	2.65886
3NN	110	137	2.8472	-6.7796	-6.7786	-6.7791	1.833679	4.856084	2.64827
3NN	111	138	2.8472	-4.3146	-4.3136	-4.3141	1.846798	4.856084	2.62946
3NN	112	139	2.8472	-1.8496	-1.8486	-1.8491	1.871764	4.856084	2.59439
3NN	113	140	2.8472	0.6154	0.6164	0.6159	1.910911	4.856084	2.54124
3NN	114	141	2.8472	3.0804	3.0814	3.0809	1.956561	4.856084	2.48195
3NN	115	142	2.8472	5.5454	5.5464	5.5459	1.996236	4.856084	2.43262
3NN	116	143	2.8472	8.0104	8.0114	8.0109	2.025818	4.856084	2.39710
3NN	117	144	2.8472	10.4754	10.4764	10.4759	2.051534	4.856084	2.36705
3NN	118	128	2.8450	-10.4761	-8.0121	-9.2441	1.827429	4.858110	2.65844
3NN	119	127	2.8468	-8.0111	-10.4771	-9.2441	1.825560	4.856370	2.66021
3NN	119	129	2.8450	-8.0111	-5.5471	-6.7791	1.833619	4.858110	2.64946
3NN	120	128	2.8468	-5.5461	-8.0121	-6.7791	1.832361	4.856370	2.65034
3NN	120	130	2.8450	-5.5461	-3.0821	-4.3141	1.849606	4.858110	2.62656
3NN	121	129	2.8468	-3.0811	-5.5471	-4.3141	1.847466	4.856370	2.62867
3NN	121	131	2.8450	-3.0811	-0.6171	-1.8491	1.874703	4.858110	2.59140
3NN	122	130	2.8468	-0.6161	-3.0821	-1.8491	1.872685	4.856370	2.59327
3NN	122	132	2.8450	-0.6161	1.8479	0.6159	1.912064	4.858110	2.54077
3NN	123	131	2.8468	1.8489	-0.6171	0.6159	1.911046	4.856370	2.54121
3NN	123	133	2.8450	1.8489	4.3129	3.0809	1.958972	4.858110	2.47993
3NN	124	132	2.8468	4.3139	1.8479	3.0809	1.957134	4.856370	2.48137
3NN	124	134	2.8450	4.3139	6.7779	5.5459	1.997429	4.858110	2.43218
3NN	125	133	2.8468	6.7789	4.3129	5.5459	1.995847	4.856370	2.43324
3NN	125	135	2.8450	6.7789	9.2429	8.0109	2.026333	4.858110	2.39749
3NN	126	134	2.8468	9.2439	6.7779	8.0109	2.025487	4.856370	2.39763
3NN	127	154	2.8472	-10.4771	-10.4761	-10.4766	1.824922	4.856084	2.66098
3NN	128	155	2.8472	-8.0121	-8.0111	-8.0116	1.828811	4.856084	2.65532
3NN	129	156	2.8472	-5.5471	-5.5461	-5.5466	1.839453	4.856084	2.63996
3NN	130	157	2.8472	-3.0821	-3.0811	-3.0816	1.858675	4.856084	2.61266
3NN	131	158	2.8472	-0.6171	-0.6161	-0.6166	1.891020	4.856084	2.56797
3NN	132	159	2.8472	1.8479	1.8489	1.8484	1.936264	4.856084	2.50797
3NN	133	160	2.8472	4.3129	4.3139	4.3134	1.979307	4.856084	2.45343
3NN	134	161	2.8472	6.7779	6.7789	6.7784	2.012997	4.856084	2.41237
3NN	135	162	2.8472	9.2429	9.2439	9.2434	2.039972	4.856084	2.38047
3NN	136	146	2.8450	-9.2436	-6.7796	-8.0116	1.830080	4.858110	2.65459
3NN	137	145	2.8468	-6.7786	-9.2446	-8.0116	1.829271	4.856370	2.65481
3NN	137	147	2.8450	-6.7786	-4.3146	-5.5466	1.840117	4.858110	2.64011
3NN	138	146	2.8468	-4.3136	-6.7796	-5.5466	1.839382	4.856370	2.64022
3NN	138	148	2.8450	-4.3136	-1.8496	-3.0816	1.859320	4.858110	2.61284
3NN	139	147	2.8468	-1.8486	-4.3146	-3.0816	1.858410	4.856370	2.61319
3NN	139	149	2.8450	-1.8486	0.6154	-0.6166	1.891490	4.858110	2.56840
3NN	140	148	2.8468	0.6164	-1.8496	-0.6166	1.891340	4.856370	2.56769
3NN	140	150	2.8450	0.6164	3.0804	1.8484	1.936632	4.858110	2.50853
3NN	141	149	2.8468	3.0814	0.6154	1.8484	1.935765	4.856370	2.50876
3NN	141	151	2.8450	3.0814	5.5454	4.3134	1.979093	4.858110	2.45472
3NN	142	150	2.8468	5.5464	3.0804	4.3134	1.978125	4.856370	2.45504
3NN	142	152	2.8450	5.5464	8.0104	6.7784	2.012466	4.858110	2.41401
3NN	143	151	2.8468	8.0114	5.5454	6.7784	2.011827	4.856370	2.41391
3NN	143	153	2.8450	8.0114	10.4754	9.2434	2.041225	4.858110	2.38000
3NN	144	152	2.8468	10.4764	8.0104	9.2434	2.040665	4.856370	2.37980
3NN	145	172	2.8472	-9.2446	-9.2436	-9.2441	1.827186	4.856084	2.65769
3NN	146	173	2.8472	-6.7796	-6.7786	-6.7791	1.834630	4.856084	2.64690
3NN	147	174	2.8472	-4.3146	-4.3136	-4.3141	1.848900	4.856084	2.62647
3NN	148	175	2.8472	-1.8496	-1.8486	-1.8491	1.874028	4.856084	2.59125
3NN	149	176	2.8472	0.6154	0.6164	0.6159	1.914264	4.856084	2.53679
3NN	150	177	2.8472	3.0804	3.0814	3.0809	1.960640	4.856084	2.47679
3NN	151	178	2.8472	5.5454	5.5464	5.5459	1.999434	4.856084	2.42873
3NN	152	179	2.8472	8.0104	8.0114	8.0109	2.029216	4.856084	2.39308
3NN	153	180	2.8472	10.4754	10.4764	10.4759	2.055148	4.856084	2.36289
3NN	154	164	2.8450	-10.4761	-8.0121	-9.2441	1.829440	4.858110	2.65552
3NN	155	163	2.8468	-8.0111	-10.4771	-9.2441	1.827830	4.856370	2.65690
3NN	155	165	2.8450	-8.0111	-5.5471	-6.7791	1.834263	4.858110	2.64853
3NN	156	164	2.8468	-5.5461	-8.0121	-6.7791	1.833852	4.856370	2.64818
3NN	156	166	2.8450	-5.5461	-3.0821	-4.3141	1.851190	4.858110	2.62432
3NN	157	165	2.8468	-3.0811	-5.5471	-4.3141	1.849232	4.856370	2.62616
3NN	157	167	2.8450	-3.0811	-0.6171	-1.8491	1.876519	4.858110	2.58889
3NN	158	166	2.8468	-0.6161	-3.0821	-1.8491	1.874361	4.856370	2.59095
3NN	158	168	2.8450	-0.6161	1.8479	0.6159	1.914672	4.858110	2.53731
3NN	159	167	2.8468	1.8489	-0.6171	0.6159	1.913729	4.856370	2.53765
3NN	159	169	2.8450	1.8489	4.3129	3.0809	1.960303	4.858110	2.47824
3NN	160	168	2.8468	4.3139	1.8479	3.0809	1.958368	4.856370	2.47981
3NN	160	170	2.8450	4.3139	6.7779	5.5459	2.000206	4.858110	2.42880
3NN	161	169	2.8468	6.7789	4.3129	5.5459	1.998303	4.856370	2.43025
3NN	161	171	2.8450	6.7789	9.2429	8.0109	2.029105	4.858110	2.39421
3NN	162	170	2.8468	9.2439	6.7779	8.0109	2.028196	4.856370	2.39443
3NN	163	190	2.8472	-10.4771	-10.4761	-10.4766	1.829851	4.856084	2.65381
3NN	164	191	2.8472	-8.0121	-8.0111	-8.0116	1.834163	4.856084	2.64758
3NN	165	192	2.8472	-5.5471	-5.5461	-5.5466	1.845367	4.856084	2.63150
3NN	166	193	2.8472	-3.0821	-3.0811	-3.0816	1.864558	4.856084	2.60442
3NN	167	194	2.8472	-0.6171	-0.6161	-0.6166	1.897397	4.856084	2.55934
3NN	168	195	2.8472	1.8479	1.8489	1.8484	1.943253	4.856084	2.49895
3NN	169	196	2.8472	4.3129	4.3139	4.3134	1.986922	4.856084	2.44402
3NN	170	197	2.8472	6.7779	6.7789	6.7784	2.020815	4.856084	2.40303
3NN	171	198	2.8472	9.2429	9.2439	9.2434	2.047866	4.856084	2.37129
3NN	172	182	2.8450	-9.2436	-6.7796	-8.0116	1.833859	4.858110	2.64912
3NN	173	181	2.8468	-6.7786	-9.2446	-8.0116	1.833183	4.856370	2.64915
3NN	173	183	2.8450	-6.7786	-4.3146	-5.5466	1.844641	4.858110	2.63363
3NN	174	182	2.8468	-4.3136	-6.7796	-5.5466	1.844017	4.856370	2.63358
3NN	174	184	2.8450	-4.3136	-1.8496	-3.0816	1.864118	4.858110	2.60612
3NN	175	183	2.8468	-1.8486	-4.3146	-3.0816	1.863320	4.856370	2.60630
3NN	175	185	2.8450	-1.8486	0.6154	-0.6166	1.896784	4.858110	2.56124
3NN	176	184	2.8468	0.6164	-1.8496	-0.6166	1.895754	4.856370	2.56171
3NN	176	186	2.8450	0.6164	3.0804	1.8484	1.941421	4.858110	2.50235
3NN	177	185	2.8468	3.0814	0.6154	1.8484	1.940681	4.856370	2.50241
3NN	177	187	2.8450	3.0814	5.5454	4.3134	1.984746	4.858110	2.44772
3NN	178	186	2.8468	5.5464	3.0804	4.3134	1.984290	4.856370	2.44741
3NN	178	188	2.8450	5.5464	8.0104	6.7784	2.019277	4.858110	2.40587
3NN	179	187	2.8468	8.0114	5.5454	6.7784	2.018433	4.856370	2.40601
3NN	179	189	2.8450	8.0114	10.4754	9.2434	2.047959	4.858110	2.37217
3NN	180	188	2.8468	10.4764	8.0104	9.2434	2.047468	4.856370	2.37189
