series	i	j	dx_i_A	dx_j_A	r_A	U_ij_eV	U_bare_eV	eps_eff	r_U_over_E2
Si source, Si partners	91	1	-10.4771	-9.2446	10.7447	0.426208	1.336701	3.13627	0.31803
Si source, Si partners	91	2	-10.4771	-6.7796	11.2960	0.406093	1.271768	3.13171	0.31857
Si source, Si partners	91	3	-10.4771	-4.3146	12.3250	0.373556	1.166005	3.12137	0.31974
Si source, Si partners	91	4	-10.4771	-1.8496	13.7245	0.338420	1.047454	3.09513	0.32255
Si source, Si partners	91	10	-10.4771	-10.4761	9.9613	0.462160	1.441709	3.11950	0.31971
Si source, Si partners	91	11	-10.4771	-8.0111	10.2620	0.448949	1.399593	3.11749	0.31995
Si source, Si partners	91	12	-10.4771	-5.5461	11.1150	0.414547	1.292495	3.11785	0.31999
Si source, Si partners	91	13	-10.4771	-3.0811	12.4068	0.372794	1.158299	3.10708	0.32120
Si source, Si partners	91	14	-10.4771	-0.6161	14.0167	0.333413	1.025602	3.07607	0.32455
Si source, Si partners	91	19	-10.4771	-10.4771	8.5390	0.548051	1.679768	3.06499	0.32500
Si source, Si partners	91	20	-10.4771	-8.0121	8.8877	0.526080	1.614374	3.06869	0.32471
Si source, Si partners	91	21	-10.4771	-5.5471	9.8600	0.471983	1.456180	3.08524	0.32319
Si source, Si partners	91	22	-10.4771	-3.0821	11.2960	0.411350	1.271883	3.09197	0.32269
Si source, Si partners	91	23	-10.4771	-0.6171	13.0436	0.358534	1.102012	3.07366	0.32477
Si source, Si partners	91	28	-10.4771	-9.2436	7.9231	0.597496	1.810329	3.02986	0.32876
Si source, Si partners	91	29	-10.4771	-6.7786	8.6564	0.543114	1.657544	3.05193	0.32650
Si source, Si partners	91	30	-10.4771	-4.3136	9.9621	0.468533	1.441221	3.07603	0.32415
Si source, Si partners	91	31	-10.4771	-1.8486	11.6493	0.400521	1.233275	3.07918	0.32402
Si source, Si partners	91	37	-10.4771	-9.2446	6.5218	0.743726	2.193772	2.94970	0.33684
Si source, Si partners	91	38	-10.4771	-6.7796	7.3950	0.647742	1.937751	2.99155	0.33265
Si source, Si partners	91	39	-10.4771	-4.3146	8.8877	0.531099	1.614792	3.04047	0.32780
Si source, Si partners	91	40	-10.4771	-1.8496	10.7447	0.436428	1.336948	3.06338	0.32565
Si source, Si partners	91	46	-10.4771	-10.4761	5.6918	0.867613	2.512841	2.89627	0.34294
Si source, Si partners	91	47	-10.4771	-8.0111	6.2030	0.788478	2.306560	2.92533	0.33966
Si source, Si partners	91	48	-10.4771	-5.5461	7.5307	0.636096	1.902849	2.99145	0.33267
Si source, Si partners	91	49	-10.4771	-3.0811	9.3326	0.505527	1.537714	3.04181	0.32764
Si source, Si partners	91	50	-10.4771	-0.6161	11.3858	0.412992	1.261658	3.05492	0.32655
Si source, Si partners	91	55	-10.4771	-10.4771	4.2695	1.194103	3.323106	2.78293	0.35405
Si source, Si partners	91	56	-10.4771	-8.0121	4.9300	1.020355	2.889379	2.83174	0.34934
Si source, Si partners	91	57	-10.4771	-5.5471	6.5218	0.749193	2.195829	2.93092	0.33932
Si source, Si partners	91	58	-10.4771	-3.0821	8.5390	0.558026	1.680498	3.01151	0.33091
Si source, Si partners	91	59	-10.4771	-0.6171	10.7447	0.439465	1.336919	3.04215	0.32792
Si source, Si partners	91	64	-10.4771	-9.2436	3.7649	1.372248	3.760300	2.74025	0.35878
Si source, Si partners	91	65	-10.4771	-6.7786	5.1315	0.975744	2.774799	2.84378	0.34772
Si source, Si partners	91	66	-10.4771	-4.3136	7.1163	0.680167	2.011743	2.95772	0.33614
Si source, Si partners	91	67	-10.4771	-1.8486	9.3330	0.508311	1.537574	3.02487	0.32946
Si source, Si partners	91	73	-10.4771	-9.2446	2.4650	2.119332	5.565575	2.62610	0.36280
Si source, Si partners	91	74	-10.4771	-6.7796	4.2695	1.197838	3.324346	2.77529	0.35516
Si source, Si partners	91	75	-10.4771	-4.3146	6.5218	0.750912	2.194469	2.92240	0.34010
Si source, Si partners	91	76	-10.4771	-1.8496	8.8877	0.536572	1.614613	3.00913	0.33118
Si source, Si partners	91	82	-10.4771	-10.4761	1.4223	3.479031	8.829196	2.53783	0.34363
Si source, Si partners	91	83	-10.4771	-8.0111	2.8468	1.825467	4.856370	2.66034	0.36090
Si source, Si partners	91	84	-10.4771	-5.5461	5.1321	0.976960	2.773773	2.83919	0.34819
Si source, Si partners	91	85	-10.4771	-3.0811	7.5316	0.641499	1.902222	2.96527	0.33553
Si source, Si partners	91	86	-10.4771	-0.6161	9.9631	0.476692	1.441011	3.02294	0.32982
Si source, Si partners	91	92	-10.4771	-8.0121	2.4650	2.121904	5.567764	2.62395	0.36324
Si source, Si partners	91	93	-10.4771	-5.5471	4.9300	1.024440	2.889881	2.82094	0.35074
Si source, Si partners	91	94	-10.4771	-3.0821	7.3950	0.654965	1.937699	2.95848	0.33636
Si source, Si partners	91	95	-10.4771	-0.6171	9.8600	0.482124	1.456162	3.02031	0.33013
Si source, Si partners	91	100	-10.4771	-9.2436	1.4246	3.479999	8.831918	2.53791	0.34428
Si source, Si partners	91	101	-10.4771	-6.7786	3.7666	1.375845	3.759159	2.73225	0.35989
Si source, Si partners	91	102	-10.4771	-4.3136	6.2046	0.794447	2.305828	2.90243	0.34232
Si source, Si partners	91	103	-10.4771	-1.8486	8.6579	0.552419	1.657207	2.99991	0.33215
Si source, Si partners	91	109	-10.4771	-9.2446	2.4650	2.117767	5.566123	2.62830	0.36253
Si source, Si partners	91	110	-10.4771	-6.7796	4.2695	1.197350	3.324778	2.77678	0.35502
Si source, Si partners	91	111	-10.4771	-4.3146	6.5218	0.750808	2.194183	2.92243	0.34005
Si source, Si partners	91	112	-10.4771	-1.8496	8.8877	0.536560	1.614458	3.00891	0.33117
Si source, Si partners	91	118	-10.4771	-10.4761	2.8472	1.822319	4.856084	2.66478	0.36033
Si source, Si partners	91	119	-10.4771	-8.0111	3.7667	1.372124	3.760158	2.74039	0.35893
Si source, Si partners	91	120	-10.4771	-5.5461	5.6941	0.872371	2.512185	2.87972	0.34496
Si source, Si partners	91	121	-10.4771	-3.0811	7.9252	0.605964	1.809936	2.98687	0.33351
Si source, Si partners	91	122	-10.4771	-0.6161	10.2639	0.461651	1.399366	3.03122	0.32906
Si source, Si partners	91	127	-10.4771	-10.4771	4.2695	1.192848	3.323106	2.78586	0.35368
Si source, Si partners	91	128	-10.4771	-8.0121	4.9300	1.020112	2.890102	2.83312	0.34926
Si source, Si partners	91	129	-10.4771	-5.5471	6.5218	0.747755	2.194114	2.93427	0.33867
Si source, Si partners	91	130	-10.4771	-3.0821	8.5390	0.557708	1.679893	3.01214	0.33072
Si source, Si partners	91	131	-10.4771	-0.6171	10.7447	0.439314	1.336753	3.04282	0.32781
Si source, Si partners	91	136	-10.4771	-9.2436	5.1324	0.972200	2.773351	2.85266	0.34652
Si source, Si partners	91	137	-10.4771	-6.7786	6.2048	0.789738	2.305514	2.91934	0.34030
Si source, Si partners	91	138	-10.4771	-4.3136	7.9253	0.603539	1.809864	2.99875	0.33218
Si source, Si partners	91	139	-10.4771	-1.8486	9.9636	0.473536	1.441443	3.04400	0.32766
Si source, Si partners	91	145	-10.4771	-9.2446	6.5218	0.742839	2.193938	2.95345	0.33644
Si source, Si partners	91	146	-10.4771	-6.7796	7.3950	0.647244	1.937572	2.99357	0.33240
Si source, Si partners	91	147	-10.4771	-4.3146	8.8877	0.530625	1.614401	3.04245	0.32751
Si source, Si partners	91	148	-10.4771	-1.8496	10.7447	0.436154	1.336735	3.06482	0.32545
Si source, Si partners	91	154	-10.4771	-10.4761	7.1167	0.672103	2.010718	2.99168	0.33217
Si source, Si partners	91	155	-10.4771	-8.0111	7.5319	0.632460	1.901782	3.00696	0.33082
Si source, Si partners	91	156	-10.4771	-5.5461	8.6581	0.544095	1.657031	3.04548	0.32715
Si source, Si partners	91	157	-10.4771	-3.0811	10.2640	0.455509	1.399301	3.07195	0.32469
Si source, Si partners	91	158	-10.4771	-0.6161	12.1610	0.385315	1.181808	3.06712	0.32541
Si source, Si partners	91	163	-10.4771	-10.4771	8.5390	0.547466	1.679768	3.06826	0.32465
Si source, Si partners	91	164	-10.4771	-8.0121	8.8877	0.525248	1.614343	3.07349	0.32419
Si source, Si partners	91	165	-10.4771	-5.5471	9.8600	0.471121	1.456051	3.09061	0.32260
Si source, Si partners	91	166	-10.4771	-3.0821	11.2960	0.410916	1.271742	3.09490	0.32235
Si source, Si partners	91	167	-10.4771	-0.6171	13.0436	0.358189	1.101915	3.07635	0.32446
Si source, Si partners	91	172	-10.4771	-9.2436	9.3334	0.496373	1.537174	3.09681	0.32173
Si source, Si partners	91	173	-10.4771	-6.7786	9.9634	0.464282	1.440800	3.10329	0.32125
Si source, Si partners	91	174	-10.4771	-4.3136	11.1166	0.415832	1.292215	3.10754	0.32103
Si source, Si partners	91	175	-10.4771	-1.8486	12.6508	0.367219	1.136114	3.09383	0.32262
Si source, Si partners	91	181	-10.4771	-9.2446	10.7447	0.425661	1.336688	3.14026	0.31762
Si source, Si partners	91	182	-10.4771	-6.7796	11.2960	0.405536	1.271721	3.13590	0.31813
Si source, Si partners	91	183	-10.4771	-4.3146	12.3250	0.373056	1.165933	3.12536	0.31931
Si source, Si partners	91	184	-10.4771	-1.8496	13.7245	0.337981	1.047385	3.09895	0.32214
Si source, Si partners	91	190	-10.4771	-10.4761	11.3862	0.399244	1.261433	3.15955	0.31570
Si source, Si partners	91	191	-10.4771	-8.0111	11.6502	0.391221	1.233015	3.15171	0.31652
Si source, Si partners	91	192	-10.4771	-5.5461	12.4081	0.368796	1.158077	3.14016	0.31779
Si source, Si partners	91	193	-10.4771	-3.0811	13.5775	0.339671	1.058711	3.11687	0.32028
Si source, Si partners	91	194	-10.4771	-0.6161	15.0628	0.310257	0.954597	3.07679	0.32455
SiO₂ source, SiO₂ partners	108	5	10.4764	0.6154	15.0628	0.356826	0.954597	2.67524	0.37326
SiO₂ source, SiO₂ partners	108	6	10.4764	3.0804	13.5775	0.409541	1.058711	2.58512	0.38616
SiO₂ source, SiO₂ partners	108	7	10.4764	5.5454	12.4081	0.461946	1.158077	2.50695	0.39806
SiO₂ source, SiO₂ partners	108	8	10.4764	8.0104	11.6502	0.503881	1.233015	2.44703	0.40767
SiO₂ source, SiO₂ partners	108	9	10.4764	10.4754	11.3862	0.525258	1.261433	2.40155	0.41534
SiO₂ source, SiO₂ partners	108	15	10.4764	1.8489	13.7245	0.398899	1.047354	2.62561	0.38020
SiO₂ source, SiO₂ partners	108	16	10.4764	4.3139	12.3250	0.459462	1.165890	2.53751	0.39327
SiO₂ source, SiO₂ partners	108	17	10.4764	6.7789	11.2960	0.515055	1.271676	2.46901	0.40404
SiO₂ source, SiO₂ partners	108	18	10.4764	9.2439	10.7447	0.552884	1.336663	2.41762	0.41255
SiO₂ source, SiO₂ partners	108	24	10.4764	1.8479	12.6508	0.434582	1.136114	2.61427	0.38180
SiO₂ source, SiO₂ partners	108	25	10.4764	4.3129	11.1166	0.512053	1.292215	2.52359	0.39531
SiO₂ source, SiO₂ partners	108	26	10.4764	6.7779	9.9634	0.586833	1.440800	2.45521	0.40604
SiO₂ source, SiO₂ partners	108	27	10.4764	9.2429	9.3334	0.638885	1.537174	2.40603	0.41411
SiO₂ source, SiO₂ partners	108	32	10.4764	0.6164	13.0436	0.414391	1.101883	2.65904	0.37537
SiO₂ source, SiO₂ partners	108	33	10.4764	3.0814	11.2960	0.496943	1.271683	2.55901	0.38984
SiO₂ source, SiO₂ partners	108	34	10.4764	5.5464	9.8600	0.587631	1.455957	2.47767	0.40238
SiO₂ source, SiO₂ partners	108	35	10.4764	8.0114	8.8877	0.666963	1.614258	2.42031	0.41166
SiO₂ source, SiO₂ partners	108	36	10.4764	10.4764	8.5390	0.705607	1.679769	2.38060	0.41843
SiO₂ source, SiO₂ partners	108	41	10.4764	0.6154	12.1610	0.446367	1.181808	2.64762	0.37697
SiO₂ source, SiO₂ partners	108	42	10.4764	3.0804	10.2640	0.550129	1.399301	2.54359	0.39213
SiO₂ source, SiO₂ partners	108	43	10.4764	5.5454	8.6581	0.673063	1.657031	2.46193	0.40470
SiO₂ source, SiO₂ partners	108	44	10.4764	8.0104	7.5319	0.789961	1.901782	2.40744	0.41320
SiO₂ source, SiO₂ partners	108	45	10.4764	10.4754	7.1167	0.847621	2.010718	2.37219	0.41892
SiO₂ source, SiO₂ partners	108	51	10.4764	1.8489	10.7447	0.516796	1.336682	2.58648	0.38562
SiO₂ source, SiO₂ partners	108	52	10.4764	4.3139	8.8877	0.648030	1.614269	2.49104	0.39998
SiO₂ source, SiO₂ partners	108	53	10.4764	6.7789	7.3950	0.798613	1.937286	2.42581	0.41013
SiO₂ source, SiO₂ partners	108	54	10.4764	9.2439	6.5218	0.919808	2.193809	2.38507	0.41659
SiO₂ source, SiO₂ partners	108	60	10.4764	1.8479	9.9636	0.560360	1.441443	2.57235	0.38773
SiO₂ source, SiO₂ partners	108	61	10.4764	4.3129	7.9253	0.730782	1.809864	2.47661	0.40221
SiO₂ source, SiO₂ partners	108	62	10.4764	6.7779	6.2048	0.955628	2.305514	2.41256	0.41178
SiO₂ source, SiO₂ partners	108	63	10.4764	9.2429	5.1324	1.166886	2.773351	2.37671	0.41591
SiO₂ source, SiO₂ partners	108	68	10.4764	0.6164	10.7447	0.509368	1.336733	2.62430	0.38008
SiO₂ source, SiO₂ partners	108	69	10.4764	3.0814	8.5390	0.668094	1.679820	2.51435	0.39618
SiO₂ source, SiO₂ partners	108	70	10.4764	5.5464	6.5218	0.901402	2.193813	2.43378	0.40826
SiO₂ source, SiO₂ partners	108	71	10.4764	8.0114	4.9300	1.209192	2.888844	2.38907	0.41399
SiO₂ source, SiO₂ partners	108	72	10.4764	10.4764	4.2695	1.404480	3.323702	2.36650	0.41643
SiO₂ source, SiO₂ partners	108	77	10.4764	0.6154	10.2639	0.535130	1.399366	2.61500	0.38144
SiO₂ source, SiO₂ partners	108	78	10.4764	3.0804	7.9252	0.723418	1.809936	2.50192	0.39815
SiO₂ source, SiO₂ partners	108	79	10.4764	5.5454	5.6941	1.037077	2.512185	2.42237	0.41009
SiO₂ source, SiO₂ partners	108	80	10.4764	8.0104	3.7667	1.578149	3.760158	2.38264	0.41282
SiO₂ source, SiO₂ partners	108	81	10.4764	10.4754	2.8472	2.050928	4.856084	2.36775	0.40553
SiO₂ source, SiO₂ partners	108	87	10.4764	1.8489	8.8877	0.632414	1.614486	2.55289	0.39034
SiO₂ source, SiO₂ partners	108	88	10.4764	4.3139	6.5218	0.894677	2.194269	2.45258	0.40521
SiO₂ source, SiO₂ partners	108	89	10.4764	6.7789	4.2695	1.386778	3.324138	2.39702	0.41118
SiO₂ source, SiO₂ partners	108	90	10.4764	9.2439	2.4650	2.342660	5.567086	2.37640	0.40103
SiO₂ source, SiO₂ partners	108	96	10.4764	1.8479	8.6579	0.650333	1.657207	2.54824	0.39102
SiO₂ source, SiO₂ partners	108	97	10.4764	4.3129	6.2046	0.941030	2.305828	2.45032	0.40548
SiO₂ source, SiO₂ partners	108	98	10.4764	6.7779	3.7666	1.569487	3.759159	2.39515	0.41054
SiO₂ source, SiO₂ partners	108	99	10.4764	9.2429	1.4246	3.711566	8.831918	2.37957	0.36718
SiO₂ source, SiO₂ partners	108	104	10.4764	0.6164	9.8600	0.558324	1.456214	2.60819	0.38231
SiO₂ source, SiO₂ partners	108	105	10.4764	3.0814	7.3950	0.777225	1.937934	2.49340	0.39915
SiO₂ source, SiO₂ partners	108	106	10.4764	5.5464	4.9300	1.196617	2.890469	2.41553	0.40969
SiO₂ source, SiO₂ partners	108	107	10.4764	8.0114	2.4650	2.337649	5.568365	2.38204	0.40017
SiO₂ source, SiO₂ partners	108	113	10.4764	0.6154	9.9631	0.552167	1.441011	2.60974	0.38205
SiO₂ source, SiO₂ partners	108	114	10.4764	3.0804	7.5316	0.762350	1.902222	2.49521	0.39874
SiO₂ source, SiO₂ partners	108	115	10.4764	5.5454	5.1321	1.147652	2.773773	2.41691	0.40903
SiO₂ source, SiO₂ partners	108	116	10.4764	8.0104	2.8468	2.039255	4.856370	2.38144	0.40316
SiO₂ source, SiO₂ partners	108	117	10.4764	10.4754	1.4223	3.718272	8.829196	2.37454	0.36726
SiO₂ source, SiO₂ partners	108	123	10.4764	1.8489	8.8877	0.632842	1.614698	2.55150	0.39060
SiO₂ source, SiO₂ partners	108	124	10.4764	4.3139	6.5218	0.894743	2.195029	2.45325	0.40524
SiO₂ source, SiO₂ partners	108	125	10.4764	6.7789	4.2695	1.386200	3.324818	2.39851	0.41101
SiO₂ source, SiO₂ partners	108	126	10.4764	9.2439	2.4650	2.343013	5.567831	2.37636	0.40109
SiO₂ source, SiO₂ partners	108	132	10.4764	1.8479	9.3330	0.600693	1.537574	2.55967	0.38933
SiO₂ source, SiO₂ partners	108	133	10.4764	4.3129	7.1163	0.816663	2.011743	2.46337	0.40360
SiO₂ source, SiO₂ partners	108	134	10.4764	6.7779	5.1315	1.154980	2.774799	2.40246	0.41159
SiO₂ source, SiO₂ partners	108	135	10.4764	9.2429	3.7649	1.584038	3.760300	2.37387	0.41416
SiO₂ source, SiO₂ partners	108	140	10.4764	0.6164	10.7447	0.509438	1.336906	2.62428	0.38013
SiO₂ source, SiO₂ partners	108	141	10.4764	3.0814	8.5390	0.668407	1.680292	2.51388	0.39637
SiO₂ source, SiO₂ partners	108	142	10.4764	5.5464	6.5218	0.902500	2.195122	2.43227	0.40875
SiO₂ source, SiO₂ partners	108	143	10.4764	8.0114	4.9300	1.211088	2.890001	2.38628	0.41464
SiO₂ source, SiO₂ partners	108	144	10.4764	10.4764	4.2695	1.406350	3.323702	2.36335	0.41699
SiO₂ source, SiO₂ partners	108	149	10.4764	0.6154	11.3858	0.478856	1.261658	2.63473	0.37863
SiO₂ source, SiO₂ partners	108	150	10.4764	3.0804	9.3326	0.608527	1.537714	2.52695	0.39440
SiO₂ source, SiO₂ partners	108	151	10.4764	5.5454	7.5307	0.777858	1.902849	2.44627	0.40681
SiO₂ source, SiO₂ partners	108	152	10.4764	8.0104	6.2030	0.962692	2.306560	2.39595	0.41471
SiO₂ source, SiO₂ partners	108	153	10.4764	10.4754	5.6918	1.061832	2.512841	2.36652	0.41971
SiO₂ source, SiO₂ partners	108	159	10.4764	1.8489	10.7447	0.517009	1.336910	2.58586	0.38578
SiO₂ source, SiO₂ partners	108	160	10.4764	4.3139	8.8877	0.648736	1.614691	2.48898	0.40041
SiO₂ source, SiO₂ partners	108	161	10.4764	6.7789	7.3950	0.799454	1.937772	2.42387	0.41056
SiO₂ source, SiO₂ partners	108	162	10.4764	9.2439	6.5218	0.920972	2.193984	2.38225	0.41712
SiO₂ source, SiO₂ partners	108	168	10.4764	1.8479	11.6493	0.474334	1.233275	2.60001	0.38374
SiO₂ source, SiO₂ partners	108	169	10.4764	4.3129	9.9621	0.574941	1.441221	2.50673	0.39776
SiO₂ source, SiO₂ partners	108	170	10.4764	6.7779	8.6564	0.679657	1.657544	2.43879	0.40858
SiO₂ source, SiO₂ partners	108	171	10.4764	9.2429	7.9231	0.756443	1.810329	2.39321	0.41622
SiO₂ source, SiO₂ partners	108	176	10.4764	0.6164	13.0436	0.414741	1.101999	2.65708	0.37568
SiO₂ source, SiO₂ partners	108	177	10.4764	3.0814	11.2960	0.497388	1.271859	2.55708	0.39019
SiO₂ source, SiO₂ partners	108	178	10.4764	5.5464	9.8600	0.588035	1.456167	2.47633	0.40265
SiO₂ source, SiO₂ partners	108	179	10.4764	8.0114	8.8877	0.667354	1.614402	2.41911	0.41190
SiO₂ source, SiO₂ partners	108	180	10.4764	10.4764	8.5390	0.705992	1.679769	2.37930	0.41866
SiO₂ source, SiO₂ partners	108	185	10.4764	0.6154	14.0167	0.384723	1.025602	2.66582	0.37449
SiO₂ source, SiO₂ partners	108	186	10.4764	3.0804	12.4068	0.450635	1.158299	2.57037	0.38827
SiO₂ source, SiO₂ partners	108	187	10.4764	5.5454	11.1150	0.518923	1.292495	2.49073	0.40055
SiO₂ source, SiO₂ partners	108	188	10.4764	8.0104	10.2620	0.575554	1.399593	2.43173	0.41017
SiO₂ source, SiO₂ partners	108	189	10.4764	10.4754	9.9613	0.603576	1.441709	2.38861	0.41754
SiO₂ source, SiO₂ partners	108	195	10.4764	1.8489	13.7245	0.399470	1.047446	2.62209	0.38074
SiO₂ source, SiO₂ partners	108	196	10.4764	4.3139	12.3250	0.460045	1.165997	2.53453	0.39377
SiO₂ source, SiO₂ partners	108	197	10.4764	6.7789	11.2960	0.515842	1.271767	2.46542	0.40466
SiO₂ source, SiO₂ partners	108	198	10.4764	9.2439	10.7447	0.553722	1.336699	2.41403	0.41318
junction source → Si side	104	1	0.6164	-9.2446	15.0628	0.313282	0.954597	3.04709	0.32771
junction source → Si side	104	2	0.6164	-6.7796	13.5775	0.351148	1.058711	3.01499	0.33110
junction source → Si side	104	3	0.6164	-4.3146	12.4081	0.390489	1.158077	2.96571	0.33648
junction source → Si side	104	4	0.6164	-1.8496	11.6502	0.424371	1.233015	2.90551	0.34334
junction source → Si side	104	10	0.6164	-10.4761	15.3939	0.305314	0.934046	3.05930	0.32640
junction source → Si side	104	11	0.6164	-8.0111	13.7245	0.345306	1.047354	3.03312	0.32912
junction source → Si side	104	12	0.6164	-5.5461	12.3250	0.390372	1.165890	2.98661	0.33413
junction source → Si side	104	13	0.6164	-3.0811	11.2960	0.434437	1.271676	2.92718	0.34080
junction source → Si side	104	14	0.6164	-0.6161	10.7447	0.467139	1.336663	2.86138	0.34857
junction source → Si side	104	19	0.6164	-10.4771	14.4450	0.325091	0.995369	3.06182	0.32612
junction source → Si side	104	20	0.6164	-8.0121	12.6508	0.375403	1.136114	3.02639	0.32981
junction source → Si side	104	21	0.6164	-5.5471	11.1166	0.435101	1.292215	2.96992	0.33590
junction source → Si side	104	22	0.6164	-3.0821	9.9634	0.496575	1.440800	2.90148	0.34359
junction source → Si side	104	23	0.6164	-0.6171	9.3334	0.543249	1.537174	2.82959	0.35212
junction source → Si side	104	28	0.6164	-9.2436	13.0436	0.361940	1.101883	3.04438	0.32785
junction source → Si side	104	29	0.6164	-6.7786	11.2960	0.425054	1.271683	2.99181	0.33344
junction source → Si side	104	30	0.6164	-4.3136	9.8600	0.498450	1.455957	2.92097	0.34131
junction source → Si side	104	31	0.6164	-1.8486	8.8877	0.567535	1.614258	2.84433	0.35029
junction source → Si side	104	37	0.6164	-9.2446	12.1610	0.389301	1.181808	3.03572	0.32878
junction source → Si side	104	38	0.6164	-6.7796	10.2640	0.471014	1.399301	2.97083	0.33574
junction source → Si side	104	39	0.6164	-4.3146	8.6581	0.574139	1.657031	2.88611	0.34522
junction source → Si side	104	40	0.6164	-1.8496	7.5319	0.679456	1.901782	2.79898	0.35540
junction source → Si side	104	46	0.6164	-10.4761	12.8085	0.367299	1.122060	3.05490	0.32671
junction source → Si side	104	47	0.6164	-8.0111	10.7447	0.445760	1.336682	2.99866	0.33262
junction source → Si side	104	48	0.6164	-5.5461	8.8877	0.553984	1.614269	2.91393	0.34193
junction source → Si side	104	49	0.6164	-3.0811	7.3950	0.687122	1.937286	2.81942	0.35288
junction source → Si side	104	50	0.6164	-0.6161	6.5218	0.802293	2.193809	2.73443	0.36337
junction source → Si side	104	55	0.6164	-10.4771	12.1609	0.387886	1.181827	3.04684	0.32758
junction source → Si side	104	56	0.6164	-8.0121	9.9636	0.483945	1.441443	2.97852	0.33486
junction source → Si side	104	57	0.6164	-5.5471	7.9253	0.628316	1.809864	2.88050	0.34581
junction source → Si side	104	58	0.6164	-3.0821	6.2048	0.833253	2.305514	2.76688	0.35905
junction source → Si side	104	59	0.6164	-0.6171	5.1324	1.038162	2.773351	2.67140	0.37003
junction source → Si side	104	64	0.6164	-9.2436	10.7447	0.443889	1.336733	3.01141	0.33122
junction source → Si side	104	65	0.6164	-6.7786	8.5390	0.575254	1.679820	2.92014	0.34113
junction source → Si side	104	66	0.6164	-4.3136	6.5218	0.783169	2.193813	2.80120	0.35471
junction source → Si side	104	67	0.6164	-1.8486	4.9300	1.076147	2.888844	2.68443	0.36844
junction source → Si side	104	73	0.6164	-9.2446	10.2639	0.466489	1.399366	2.99978	0.33251
junction source → Si side	104	74	0.6164	-6.7796	7.9252	0.625161	1.809936	2.89515	0.34407
junction source → Si side	104	75	0.6164	-4.3146	5.6941	0.910835	2.512185	2.75811	0.36017
junction source → Si side	104	76	0.6164	-1.8496	3.7667	1.435568	3.760158	2.61928	0.37552
junction source → Si side	104	82	0.6164	-10.4761	11.2960	0.419235	1.271801	3.03362	0.32888
junction source → Si side	104	83	0.6164	-8.0111	8.8877	0.548164	1.614486	2.94526	0.33834
junction source → Si side	104	84	0.6164	-5.5461	6.5218	0.779103	2.194269	2.81640	0.35287
junction source → Si side	104	85	0.6164	-3.0811	4.2695	1.246687	3.324138	2.66638	0.36964
junction source → Si side	104	86	0.6164	-0.6161	2.4650	2.195708	5.567086	2.53544	0.37587
junction source → Si side	104	91	0.6164	-10.4771	11.1164	0.426539	1.292321	3.02979	0.32929
junction source → Si side	104	92	0.6164	-8.0121	8.6579	0.563836	1.657207	2.93917	0.33901
junction source → Si side	104	93	0.6164	-5.5471	6.2046	0.822464	2.305828	2.80356	0.35439
junction source → Si side	104	94	0.6164	-3.0821	3.7666	1.425154	3.759159	2.63772	0.37278
junction source → Si side	104	95	0.6164	-0.6171	1.4246	3.559755	8.831918	2.48105	0.35217
junction source → Si side	104	100	0.6164	-9.2436	9.8600	0.487225	1.456214	2.98879	0.33362
junction source → Si side	104	101	0.6164	-6.7786	7.3950	0.674145	1.937934	2.87465	0.34621
junction source → Si side	104	102	0.6164	-4.3136	4.9300	1.062886	2.890469	2.71945	0.36390
junction source → Si side	104	103	0.6164	-1.8486	2.4650	2.186039	5.568365	2.54724	0.37422
junction source → Si side	104	109	0.6164	-9.2446	9.9631	0.481603	1.441011	2.99211	0.33322
junction source → Si side	104	110	0.6164	-6.7796	7.5316	0.660577	1.902222	2.87964	0.34551
junction source → Si side	104	111	0.6164	-4.3146	5.1321	1.016103	2.773773	2.72982	0.36214
junction source → Si side	104	112	0.6164	-1.8496	2.8468	1.890317	4.856370	2.56908	0.37372
junction source → Si side	104	118	0.6164	-10.4761	11.2960	0.419305	1.271875	3.03329	0.32893
junction source → Si side	104	119	0.6164	-8.0111	8.8877	0.548242	1.614698	2.94523	0.33838
junction source → Si side	104	120	0.6164	-5.5461	6.5218	0.778989	2.195029	2.81779	0.35281
junction source → Si side	104	121	0.6164	-3.0811	4.2695	1.247859	3.324818	2.66442	0.36999
junction source → Si side	104	122	0.6164	-0.6161	2.4650	2.195738	5.567831	2.53574	0.37588
junction source → Si side	104	127	0.6164	-10.4771	11.6499	0.405783	1.233192	3.03904	0.32830
junction source → Si side	104	128	0.6164	-8.0121	9.3330	0.519248	1.537574	2.96115	0.33655
junction source → Si side	104	129	0.6164	-5.5471	7.1163	0.707242	2.011743	2.84449	0.34952
junction source → Si side	104	130	0.6164	-3.0821	5.1315	1.022792	2.774799	2.71297	0.36448
junction source → Si side	104	131	0.6164	-0.6171	3.7649	1.445401	3.760300	2.60156	0.37791
junction source → Si side	104	136	0.6164	-9.2436	10.7447	0.444078	1.336906	3.01052	0.33136
junction source → Si side	104	137	0.6164	-6.7786	8.5390	0.575760	1.680292	2.91839	0.34143
junction source → Si side	104	138	0.6164	-4.3136	6.5218	0.784012	2.195122	2.79986	0.35509
junction source → Si side	104	139	0.6164	-1.8486	4.9300	1.078317	2.890001	2.68010	0.36918
junction source → Si side	104	145	0.6164	-9.2446	11.3858	0.417380	1.261658	3.02280	0.33002
junction source → Si side	104	146	0.6164	-6.7796	9.3326	0.522102	1.537714	2.94524	0.33838
junction source → Si side	104	147	0.6164	-4.3146	7.5307	0.668962	1.902849	2.84448	0.34985
junction source → Si side	104	148	0.6164	-1.8496	6.2030	0.840967	2.306560	2.74275	0.36227
junction source → Si side	104	154	0.6164	-10.4761	12.8085	0.367624	1.122172	3.05250	0.32700
junction source → Si side	104	155	0.6164	-8.0111	10.7447	0.446261	1.336910	2.99580	0.33299
junction source → Si side	104	156	0.6164	-5.5461	8.8877	0.554593	1.614691	2.91149	0.34230
junction source → Si side	104	157	0.6164	-3.0811	7.3950	0.688354	1.937772	2.81508	0.35351
junction source → Si side	104	158	0.6164	-0.6161	6.5218	0.803626	2.193984	2.73010	0.36397
junction source → Si side	104	163	0.6164	-10.4771	13.5765	0.346206	1.058738	3.05811	0.32642
junction source → Si side	104	164	0.6164	-8.0121	11.6493	0.409308	1.233275	3.01307	0.33113
junction source → Si side	104	165	0.6164	-5.5471	9.9621	0.489678	1.441221	2.94320	0.33878
junction source → Si side	104	166	0.6164	-3.0821	8.6564	0.579027	1.657544	2.86264	0.34809
junction source → Si side	104	167	0.6164	-0.6171	7.9231	0.650195	1.810329	2.78429	0.35776
junction source → Si side	104	172	0.6164	-9.2436	13.0436	0.362237	1.101999	3.04220	0.32812
junction source → Si side	104	173	0.6164	-6.7786	11.2960	0.425429	1.271859	2.98959	0.33374
junction source → Si side	104	174	0.6164	-4.3136	9.8600	0.498822	1.456167	2.91921	0.34156
junction source → Si side	104	175	0.6164	-1.8486	8.8877	0.567964	1.614402	2.84244	0.35056
junction source → Si side	104	181	0.6164	-9.2446	14.0167	0.336754	1.025602	3.04556	0.32780
junction source → Si side	104	182	0.6164	-6.7796	12.4068	0.385624	1.158299	3.00370	0.33226
junction source → Si side	104	183	0.6164	-4.3146	11.1150	0.438889	1.292495	2.94493	0.33878
junction source → Si side	104	184	0.6164	-1.8496	10.2620	0.486473	1.399593	2.87702	0.34669
junction source → Si side	104	190	0.6164	-10.4761	15.3939	0.305714	0.934113	3.05551	0.32682
junction source → Si side	104	191	0.6164	-8.0111	13.7245	0.345863	1.047446	3.02850	0.32965
junction source → Si side	104	192	0.6164	-5.5461	12.3250	0.390962	1.165997	2.98238	0.33463
junction source → Si side	104	193	0.6164	-3.0811	11.2960	0.435122	1.271767	2.92278	0.34134
junction source → Si side	104	194	0.6164	-0.6161	10.7447	0.467887	1.336699	2.85688	0.34913
junction source → SiO₂ side	104	5	0.6164	0.6154	11.3862	0.443997	1.261433	2.84108	0.35108
junction source → SiO₂ side	104	6	0.6164	3.0804	11.6498	0.442989	1.233090	2.78357	0.35839
junction source → SiO₂ side	104	7	0.6164	5.5454	12.4073	0.422714	1.158209	2.73993	0.36423
junction source → SiO₂ side	104	8	0.6164	8.0104	13.5763	0.391173	1.058862	2.70689	0.36881
junction source → SiO₂ side	104	9	0.6164	10.4754	15.0614	0.356645	0.954738	2.67700	0.37304
junction source → SiO₂ side	104	15	0.6164	1.8489	10.7447	0.477572	1.336699	2.79895	0.35635
junction source → SiO₂ side	104	16	0.6164	4.3139	11.2960	0.462450	1.271767	2.75006	0.36278
junction source → SiO₂ side	104	17	0.6164	6.7789	12.3250	0.429462	1.165997	2.71502	0.36759
junction source → SiO₂ side	104	18	0.6164	9.2439	13.7245	0.389727	1.047446	2.68764	0.37146
junction source → SiO₂ side	104	24	0.6164	1.8479	9.3331	0.555733	1.537240	2.76615	0.36020
junction source → SiO₂ side	104	25	0.6164	4.3129	9.9626	0.529138	1.440992	2.72328	0.36609
junction source → SiO₂ side	104	26	0.6164	6.7779	11.1155	0.479216	1.292466	2.69704	0.36992
junction source → SiO₂ side	104	27	0.6164	9.2429	12.6493	0.424539	1.136343	2.67665	0.37294
junction source → SiO₂ side	104	32	0.6164	0.6164	8.5390	0.605316	1.679769	2.77503	0.35895
junction source → SiO₂ side	104	33	0.6164	3.0814	8.8877	0.592422	1.614402	2.72509	0.36565
junction source → SiO₂ side	104	34	0.6164	5.5464	9.8600	0.540251	1.456167	2.69535	0.36993
junction source → SiO₂ side	104	35	0.6164	8.0114	11.2960	0.475010	1.271859	2.67754	0.37263
junction source → SiO₂ side	104	36	0.6164	10.4764	13.0436	0.414238	1.101999	2.66030	0.37523
junction source → SiO₂ side	104	41	0.6164	0.6154	7.1167	0.736982	2.010718	2.72832	0.36424
junction source → SiO₂ side	104	42	0.6164	3.0804	7.5312	0.708101	1.902017	2.68608	0.37035
junction source → SiO₂ side	104	43	0.6164	5.5454	8.6569	0.621418	1.657515	2.66731	0.37359
junction source → SiO₂ side	104	44	0.6164	8.0104	10.2625	0.526362	1.399733	2.65926	0.37513
junction source → SiO₂ side	104	45	0.6164	10.4754	12.1592	0.446208	1.182106	2.64923	0.37678
junction source → SiO₂ side	104	51	0.6164	1.8489	6.5218	0.818673	2.193984	2.67993	0.37079
junction source → SiO₂ side	104	52	0.6164	4.3139	7.3950	0.729290	1.937772	2.65707	0.37453
junction source → SiO₂ side	104	53	0.6164	6.7789	8.8877	0.609266	1.614691	2.65022	0.37605
junction source → SiO₂ side	104	54	0.6164	9.2439	10.7447	0.505007	1.336910	2.64731	0.37683
junction source → SiO₂ side	104	60	0.6164	1.8479	5.1319	1.056728	2.773133	2.62426	0.37661
junction source → SiO₂ side	104	61	0.6164	4.3129	6.2035	0.881306	2.306497	2.61713	0.37968
junction source → SiO₂ side	104	62	0.6164	6.7779	7.9236	0.689875	1.810960	2.62506	0.37961
junction source → SiO₂ side	104	63	0.6164	9.2429	9.9617	0.547958	1.441999	2.63159	0.37908
junction source → SiO₂ side	104	68	0.6164	0.6164	4.2695	1.272928	3.323702	2.61107	0.37743
junction source → SiO₂ side	104	69	0.6164	3.0814	4.9300	1.113289	2.890001	2.59591	0.38116
junction source → SiO₂ side	104	70	0.6164	5.5464	6.5218	0.841869	2.195122	2.60744	0.38129
junction source → SiO₂ side	104	71	0.6164	8.0114	8.5390	0.641078	1.680292	2.62104	0.38016
junction source → SiO₂ side	104	72	0.6164	10.4764	10.7447	0.509054	1.336906	2.62626	0.37985
junction source → SiO₂ side	104	77	0.6164	0.6154	2.8472	1.911031	4.856084	2.54108	0.37787
junction source → SiO₂ side	104	78	0.6164	3.0804	3.7653	1.474862	3.759618	2.54913	0.38566
junction source → SiO₂ side	104	79	0.6164	5.5454	5.6922	0.974023	2.513818	2.58086	0.38503
junction source → SiO₂ side	104	80	0.6164	8.0104	7.9232	0.695001	1.810928	2.60565	0.38242
junction source → SiO₂ side	104	81	0.6164	10.4754	10.2618	0.534933	1.399828	2.61683	0.38122
junction source → SiO₂ side	104	87	0.6164	1.8489	2.4650	2.218994	5.567831	2.50917	0.37986
junction source → SiO₂ side	104	88	0.6164	4.3139	4.2695	1.302644	3.324818	2.55236	0.38624
junction source → SiO₂ side	104	89	0.6164	6.7789	6.5218	0.848780	2.195029	2.58610	0.38442
junction source → SiO₂ side	104	90	0.6164	9.2439	8.8877	0.619065	1.614698	2.60829	0.38210
junction source → SiO₂ side	104	96	0.6164	1.8479	1.4227	3.583788	8.830502	2.46401	0.35408
junction source → SiO₂ side	104	97	0.6164	4.3129	3.7645	1.486056	3.762031	2.53155	0.38850
junction source → SiO₂ side	104	98	0.6164	6.7779	6.2025	0.895441	2.307300	2.57672	0.38570
junction source → SiO₂ side	104	99	0.6164	9.2429	8.6558	0.636906	1.657826	2.60294	0.38285
junction source → SiO₂ side	104	105	0.6164	3.0814	2.4650	2.230692	5.568365	2.49625	0.38186
junction source → SiO₂ side	104	106	0.6164	5.5464	4.9300	1.130810	2.890469	2.55611	0.38716
junction source → SiO₂ side	104	107	0.6164	8.0114	7.3950	0.747811	1.937934	2.59147	0.38404
junction source → SiO₂ side	104	108	0.6164	10.4764	9.8600	0.558253	1.456214	2.60852	0.38226
junction source → SiO₂ side	104	113	0.6164	0.6154	1.4223	3.570576	8.829196	2.47277	0.35267
junction source → SiO₂ side	104	114	0.6164	3.0804	2.8450	1.934986	4.858110	2.51067	0.38230
junction source → SiO₂ side	104	115	0.6164	5.5454	5.1300	1.083527	2.775185	2.56125	0.38602
junction source → SiO₂ side	104	116	0.6164	8.0104	7.5295	0.733412	1.902789	2.59443	0.38350
junction source → SiO₂ side	104	117	0.6164	10.4754	9.9610	0.552151	1.441308	2.61035	0.38195
junction source → SiO₂ side	104	123	0.6164	1.8489	2.4650	2.218901	5.567086	2.50894	0.37984
junction source → SiO₂ side	104	124	0.6164	4.3139	4.2695	1.302883	3.324138	2.55137	0.38631
junction source → SiO₂ side	104	125	0.6164	6.7789	6.5218	0.848928	2.194269	2.58475	0.38449
junction source → SiO₂ side	104	126	0.6164	9.2439	8.8877	0.619154	1.614486	2.60757	0.38215
junction source → SiO₂ side	104	132	0.6164	1.8479	3.7641	1.466393	3.759109	2.56351	0.38332
junction source → SiO₂ side	104	133	0.6164	4.3129	5.1299	1.076299	2.774336	2.57766	0.38344
junction source → SiO₂ side	104	134	0.6164	6.7779	7.1145	0.773392	2.011563	2.60096	0.38211
junction source → SiO₂ side	104	135	0.6164	9.2429	9.3310	0.587583	1.537671	2.61694	0.38076
junction source → SiO₂ side	104	140	0.6164	0.6164	4.2695	1.274756	3.323702	2.60732	0.37797
junction source → SiO₂ side	104	141	0.6164	3.0814	4.9300	1.114388	2.888844	2.59232	0.38153
junction source → SiO₂ side	104	142	0.6164	5.5464	6.5218	0.842696	2.193813	2.60333	0.38167
junction source → SiO₂ side	104	143	0.6164	8.0114	8.5390	0.641535	1.679820	2.61844	0.38043
junction source → SiO₂ side	104	144	0.6164	10.4764	10.7447	0.509351	1.336733	2.62438	0.38007
junction source → SiO₂ side	104	149	0.6164	0.6154	5.6918	0.941408	2.512841	2.66924	0.37211
junction source → SiO₂ side	104	150	0.6164	3.0804	6.2022	0.874214	2.306612	2.63850	0.37654
junction source → SiO₂ side	104	151	0.6164	5.5454	7.5293	0.722136	1.902460	2.63449	0.37759
junction source → SiO₂ side	104	152	0.6164	8.0104	9.3309	0.583005	1.537599	2.63737	0.37779
junction source → SiO₂ side	104	153	0.6164	10.4754	11.3840	0.478711	1.261701	2.63562	0.37846
junction source → SiO₂ side	104	159	0.6164	1.8489	6.5218	0.820266	2.193809	2.67451	0.37151
junction source → SiO₂ side	104	160	0.6164	4.3139	7.3950	0.730125	1.937286	2.65336	0.37496
junction source → SiO₂ side	104	161	0.6164	6.7789	8.8877	0.609911	1.614269	2.64673	0.37645
junction source → SiO₂ side	104	162	0.6164	9.2439	10.7447	0.505491	1.336682	2.64433	0.37719
junction source → SiO₂ side	104	168	0.6164	1.8479	7.9228	0.664474	1.810335	2.72447	0.36560
junction source → SiO₂ side	104	169	0.6164	4.3129	8.6555	0.616220	1.657489	2.68977	0.37041
junction source → SiO₂ side	104	170	0.6164	6.7779	9.9608	0.539307	1.441153	2.67223	0.37306
junction source → SiO₂ side	104	171	0.6164	9.2429	11.6477	0.463617	1.233270	2.66011	0.37502
junction source → SiO₂ side	104	176	0.6164	0.6164	8.5390	0.605866	1.679769	2.77251	0.35928
junction source → SiO₂ side	104	177	0.6164	3.0814	8.8877	0.592962	1.614258	2.72237	0.36599
junction source → SiO₂ side	104	178	0.6164	5.5464	9.8600	0.540617	1.455957	2.69314	0.37018
junction source → SiO₂ side	104	179	0.6164	8.0114	11.2960	0.475384	1.271683	2.67507	0.37292
junction source → SiO₂ side	104	180	0.6164	10.4764	13.0436	0.414595	1.101883	2.65773	0.37555
junction source → SiO₂ side	104	185	0.6164	0.6154	9.9613	0.513180	1.441709	2.80936	0.35501
junction source → SiO₂ side	104	186	0.6164	3.0804	10.2615	0.508114	1.399585	2.75447	0.36209
junction source → SiO₂ side	104	187	0.6164	5.5454	11.1140	0.475714	1.292478	2.71692	0.36717
junction source → SiO₂ side	104	188	0.6164	8.0104	12.4055	0.430508	1.158295	2.69053	0.37089
junction source → SiO₂ side	104	189	0.6164	10.4754	14.0152	0.384612	1.025621	2.66664	0.37434
junction source → SiO₂ side	104	195	0.6164	1.8489	10.7447	0.478421	1.336663	2.79390	0.35699
junction source → SiO₂ side	104	196	0.6164	4.3139	11.2960	0.463241	1.271676	2.74517	0.36340
junction source → SiO₂ side	104	197	0.6164	6.7789	12.3250	0.430123	1.165890	2.71060	0.36815
junction source → SiO₂ side	104	198	0.6164	9.2439	13.7245	0.390325	1.047354	2.68328	0.37203
