orbital	x	y	U_proxy
897	-28.34656009	10.67468806	2.690510391
899	-23.41656009	10.67468806	2.154661218
901	-18.48656009	10.67468806	1.834735825
903	-13.55656009	10.67468806	1.634756358
905	-8.62656009	10.67468806	1.514521115
907	-3.69656009	10.67468806	1.42569326
909	1.23343991	10.67468806	1.372069335
882	4.92986335	9.96220375	1.360519644
884	9.85986335	9.96220375	1.372070956
886	14.78986335	9.96220375	1.425694589
888	19.71986335	9.96220375	1.514508166
890	24.64986335	9.96220375	1.634732096
892	29.57986335	9.96220375	1.834699935
894	34.50986335	9.96220375	2.154603544
896	39.43986335	9.96220375	2.69040971
