channel,tol,mirror_pad_level,u_raw,u_ev,u_ref_ev,rel_err_pct,Na,Nb,n_source_points,n_target_points,tkm_kmax,source_tol,volume_tol,shift_x,shift_y,shift_z,elapsed_s
onsite,0.001,0,465.35829662658557,16.400442780453098,17.434191,-5.92943039081596,71.65493229876725,71.65493229876725,530902,530902,40.21238596595027,0.001,0.001,0.025705106687410915,-0.04344142450065569,-7.50000000000134,114.33505201339722
nn,0.001,0,245.08156444211377,8.528911662081107,8.839615,-3.5148967225257324,71.65493229876725,72.565673412476,530902,565776,40.21238596595027,0.001,0.001,0.025705106687410915,-0.04344142450065569,-7.50000000000134,114.33505201339722
hund_sf,0.001,0,3.376365873384706,0.11749854110207882,0.130804,-10.172058115899503,71.65493229876725,72.565673412476,509078,509078,40.21238596595027,0.001,0.001,0.025705106687410915,-0.04344142450065569,-7.50000000000134,114.33505201339722
hund_ph,0.001,0,3.376365873384706,0.11749854110207882,0.130804,-10.172058115899503,71.65493229876725,72.565673412476,509078,509078,40.21238596595027,0.001,0.001,0.025705106687410915,-0.04344142450065569,-7.50000000000134,114.33505201339722
onsite,0.0003,0,465.525578138654,16.37891020431958,17.434191,-6.052938135646314,71.71490363842636,71.71490363842636,758436,758436,40.21238596595027,0.0003,0.0003,0.025625150750799443,-0.044112037218480254,-7.500000000001342,190.4523949623108
nn,0.0003,0,245.2430756584496,8.52038271804053,8.839615,-3.6113821920917415,71.71490363842636,72.62539781123559,758436,791766,40.21238596595027,0.0003,0.0003,0.025625150750799443,-0.044112037218480254,-7.500000000001342,190.4523949623108
hund_sf,0.0003,0,3.376399988915778,0.11730492303405857,0.130804,-10.32007963513458,71.71490363842636,72.62539781123559,752098,752098,40.21238596595027,0.0003,0.0003,0.025625150750799443,-0.044112037218480254,-7.500000000001342,190.4523949623108
hund_ph,0.0003,0,3.376399988915778,0.11730492303405857,0.130804,-10.32007963513458,71.71490363842636,72.62539781123559,752098,752098,40.21238596595027,0.0003,0.0003,0.025625150750799443,-0.044112037218480254,-7.500000000001342,190.4523949623108
onsite,0.0001,0,465.5689869906515,16.372007955673695,17.434191,-6.092528436371402,71.7333633569175,71.7333633569175,982254,982254,40.21238596595027,0.0001,0.0001,0.025578482147324156,-0.044353536294067734,-7.500000000001341,227.7214870452881
nn,0.0001,0,245.28740652221418,8.517688502027022,8.839615,-3.6418610762230923,71.7333633569175,72.64280340155258,982254,1000692,40.21238596595027,0.0001,0.0001,0.025578482147324156,-0.044353536294067734,-7.500000000001341,227.7214870452881
hund_sf,0.0001,0,3.376401591525101,0.11724669204227797,0.130804,-10.364597380601534,71.7333633569175,72.64280340155258,982034,982034,40.21238596595027,0.0001,0.0001,0.025578482147324156,-0.044353536294067734,-7.500000000001341,227.7214870452881
hund_ph,0.0001,0,3.376401591525101,0.11724669204227797,0.130804,-10.364597380601534,71.7333633569175,72.64280340155258,982034,982034,40.21238596595027,0.0001,0.0001,0.025578482147324156,-0.044353536294067734,-7.500000000001341,227.7214870452881
onsite,3.0e-5,0,465.58531376047216,16.369487968551276,17.434191,-6.106982718318978,71.74014248444215,71.74014248444215,1236804,1236804,40.21238596595027,3.0e-5,3.0e-5,0.025540204718548856,-0.044439522994866656,-7.500000000001361,165.20665311813354
nn,3.0e-5,0,245.30293538865507,8.516709719708954,8.839615,-3.6529337566290603,71.74014248444215,72.64888568425364,1236804,1230360,40.21238596595027,3.0e-5,3.0e-5,0.025540204718548856,-0.044439522994866656,-7.500000000001361,165.20665311813354
hund_sf,3.0e-5,0,3.3764030371753626,0.11722584778207334,0.130804,-10.380532872027354,71.74014248444215,72.64888568425364,1228872,1228872,40.21238596595027,3.0e-5,3.0e-5,0.025540204718548856,-0.044439522994866656,-7.500000000001361,165.20665311813354
hund_ph,3.0e-5,0,3.3764030371753626,0.11722584778207334,0.130804,-10.380532872027354,71.74014248444215,72.64888568425364,1228872,1228872,40.21238596595027,3.0e-5,3.0e-5,0.025540204718548856,-0.044439522994866656,-7.500000000001361,165.20665311813354
onsite,1.0e-5,0,465.58973930572483,16.368708773485356,17.434191,-6.11145206860842,71.74219094150754,71.74219094150754,1488204,1488204,40.21238596595027,1.0e-5,1.0e-5,0.02552401229702141,-0.04446554112157341,-7.500000000001319,35.970175981521606
nn,1.0e-5,0,245.30739721658801,8.516393901954647,8.839615,-3.6565065112604267,71.74219094150754,72.65082676250898,1488204,1469818,40.21238596595027,1.0e-5,1.0e-5,0.02552401229702141,-0.04446554112157341,-7.500000000001319,35.970175981521606
hund_sf,1.0e-5,0,3.376405205875628,0.11721944397974594,0.130804,-10.385428595650025,71.74219094150754,72.65082676250898,1470450,1470450,40.21238596595027,1.0e-5,1.0e-5,0.02552401229702141,-0.04446554112157341,-7.500000000001319,35.970175981521606
hund_ph,1.0e-5,0,3.376405205875628,0.11721944397974594,0.130804,-10.385428595650025,71.74219094150754,72.65082676250898,1470450,1470450,40.21238596595027,1.0e-5,1.0e-5,0.02552401229702141,-0.04446554112157341,-7.500000000001319,35.970175981521606
