channel,mode,bandwidth,u_int_raw,u_scatter_raw,u_total_raw,u_int_ev,u_scatter_ev,u_total_ev,Na,Nb,sigma_residual,n_interface_points,tkm_kmax,eps_in,eps_out,Lz,L,z_center,source_tol,rhs_tol,lhs_tol,gmres_atol,gmres_rtol,n_quad,edge_refine_level,max_order,max_depth,LZ,coqui_v_ijkl,coqui_U_ijkl,diff_ev,rel_err_pct
onsite,Sharp,,419.39187302073134,-3.152902125729557,416.2389708950018,12.341520350767789,-0.09278101997638585,12.248739330791405,78.41620481210566,78.41620481210566,4.43826776159352e-6,1746936,40.21238596595027,2.4,1.0,2.0,90.0,1.0,0.001,0.001,1.0e-5,1.0e-5,1.0e-5,6,4,64,12,2.0,17.4029,9.7824,-2.4663393307914045,25.212006570896758
nn,Sharp,,213.05864557681096,9.982718144757683,223.04136372156864,6.26809601357592,0.29368738188682997,6.56178339546275,78.41620481210566,78.43646171071352,4.43826776159352e-6,1746936,40.21238596595027,2.4,1.0,2.0,90.0,1.0,0.001,0.001,1.0e-5,1.0e-5,1.0e-5,6,4,64,12,2.0,8.8319,5.1678,-1.39398339546275,26.97440681649348
onsite,Sharp,,419.211661180078,-17.06839984920186,402.14326133087616,12.33621722440329,-0.5022748833369831,11.83394234106631,78.41620481210566,78.41620481210566,4.7833788416673955e-6,1040040,40.21238596595027,2.4,1.0,3.0,90.0,1.5,0.001,0.001,1.0e-5,1.0e-5,1.0e-5,6,4,64,12,3.0,17.4029,9.7824,-2.051542341066309,20.97176910641876
nn,Sharp,,212.90288352459822,-2.357154305108334,210.54572921948989,6.26351355931363,-0.06934649125940442,6.194167068054226,78.41620481210566,78.43646171071352,4.7833788416673955e-6,1040040,40.21238596595027,2.4,1.0,3.0,90.0,1.5,0.001,0.001,1.0e-5,1.0e-5,1.0e-5,6,4,64,12,3.0,8.8319,5.1678,-1.0263670680542258,19.86081249379283
onsite,Sharp,,419.2100546562996,-20.01953843121746,399.1905162250821,12.336169948938075,-0.5891185710926614,11.74705137784541,78.41620481210566,78.41620481210566,5.538313972774196e-6,960552,40.21238596595027,2.4,1.0,3.35,90.0,1.675,0.001,0.001,1.0e-5,1.0e-5,1.0e-5,6,4,64,12,3.35,17.4029,9.7824,-1.96465137784541,20.083531422201197
nn,Sharp,,212.90142612329356,-5.114795145884127,207.78663097740943,6.263470683178362,-0.15047512846699113,6.11299555471137,78.41620481210566,78.43646171071352,5.538313972774196e-6,960552,40.21238596595027,2.4,1.0,3.35,90.0,1.675,0.001,0.001,1.0e-5,1.0e-5,1.0e-5,6,4,64,12,3.35,8.8319,5.1678,-0.9451955547113702,18.290095489596542
onsite,Sharp,,419.2100384630716,-28.39001666545397,390.82002179761764,12.336169472417032,-0.8354381450258028,11.500731327391229,78.41620481210566,78.41620481210566,2.772445741423869e-6,801144,40.21238596595027,2.4,1.0,5.0,90.0,2.5,0.001,0.001,1.0e-5,1.0e-5,1.0e-5,6,4,64,12,5.0,17.4029,9.7824,-1.718331327391228,17.565539411506663
nn,Sharp,,212.9014113322363,-13.134674424179206,199.7667369080571,6.26347024803166,-0.38641661395587085,5.877053634075789,78.41620481210566,78.43646171071352,2.772445741423869e-6,801144,40.21238596595027,2.4,1.0,5.0,90.0,2.5,0.001,0.001,1.0e-5,1.0e-5,1.0e-5,6,4,64,12,5.0,8.8319,5.1678,-0.7092536340757896,13.724479160876768
onsite,Sharp,,419.2100384630716,-34.741069587021656,384.46896887605,12.336169472417032,-1.0223317257615847,11.313837746655448,78.41620481210566,78.41620481210566,1.0131875362310476e-5,447912,40.21238596595027,2.4,1.0,8.0,90.0,4.0,0.001,0.001,1.0e-5,1.0e-5,1.0e-5,6,4,64,12,8.0,17.4029,9.7824,-1.5314377466554472,15.65503093980462
nn,Sharp,,212.9014113322363,-19.3684318314709,193.5329795007654,6.26347024803166,-0.5698111429526194,5.69365910507904,78.41620481210566,78.43646171071352,1.0131875362310476e-5,447912,40.21238596595027,2.4,1.0,8.0,90.0,4.0,0.001,0.001,1.0e-5,1.0e-5,1.0e-5,6,4,64,12,8.0,8.8319,5.1678,-0.5258591050790402,10.175686076841988
