channel,mode,bandwidth,u_int_raw,u_scatter_raw,u_total_raw,u_int_ev,u_scatter_ev,u_total_ev,Na,Nb,sigma_residual,n_interface_points,tkm_kmax,eps_in,eps_out,Lz,L,z_center,source_tol,rhs_tol,lhs_tol,gmres_atol,gmres_rtol,n_quad,edge_refine_level,max_order,max_depth,coqui_v_ijkl,coqui_U_ijkl,diff_ev,rel_err_pct
onsite,Sharp,,443.86946637022385,-9.941090016486338,433.9283763537375,13.061826908652964,-0.2925382503566442,12.769288658296324,78.41620481210566,78.41620481210566,7.630864095691103e-6,960552,40.21238596595027,2.0,1.0,3.35,90.0,1.675,0.001,0.001,1.0e-5,1.0e-5,1.0e-5,6,4,64,12,17.4029,9.7824,-2.9868886582963228,30.533290995014745
nn,Sharp,,225.42503644159575,0.30727860587784117,225.7323150474736,6.63191004736942,0.00904000773752075,6.640950055106941,78.41620481210566,78.43646171071352,7.630864095691103e-6,960552,40.21238596595027,2.0,1.0,3.35,90.0,1.675,0.001,0.001,1.0e-5,1.0e-5,1.0e-5,6,4,64,12,8.8319,5.1678,-1.4731500551069416,28.506328710610738
onsite,Sharp,,419.2100546562996,-20.01953843121746,399.1905162250821,12.336169948938075,-0.5891185710926614,11.74705137784541,78.41620481210566,78.41620481210566,5.538313972774196e-6,960552,40.21238596595027,2.4,1.0,3.35,90.0,1.675,0.001,0.001,1.0e-5,1.0e-5,1.0e-5,6,4,64,12,17.4029,9.7824,-1.96465137784541,20.083531422201197
nn,Sharp,,212.90142612329356,-5.114795145884127,207.78663097740943,6.263470683178362,-0.15047512846699113,6.11299555471137,78.41620481210566,78.43646171071352,5.538313972774196e-6,960552,40.21238596595027,2.4,1.0,3.35,90.0,1.675,0.001,0.001,1.0e-5,1.0e-5,1.0e-5,6,4,64,12,8.8319,5.1678,-0.9451955547113702,18.290095489596542
onsite,Sharp,,405.5103814818972,-27.30389793511397,378.2064835467832,11.933027193540912,-0.8034767330954898,11.129550460445422,78.41620481210566,78.41620481210566,2.825230607534672e-6,960768,40.21238596595027,2.7,1.0,3.35,90.0,1.675,0.001,0.001,1.0e-5,1.0e-5,1.0e-5,6,4,64,12,17.4029,9.7824,-1.3471504604454214,13.771165158298794
nn,Sharp,,205.943864835348,-9.276238953752229,196.66762588159577,6.058782147516666,-0.2729030603267872,5.785879087189879,78.41620481210566,78.43646171071352,2.825230607534672e-6,960768,40.21238596595027,2.7,1.0,3.35,90.0,1.675,0.001,0.001,1.0e-5,1.0e-5,1.0e-5,6,4,64,12,8.8319,5.1678,-0.6180790871898791,11.960197515187879
onsite,Sharp,,394.55064294237536,-34.16371420470633,360.38692873766905,11.610512989223185,-1.0053417847092037,10.60517120451398,78.41620481210566,78.41620481210566,5.915486445277915e-6,960768,40.21238596595027,3.0,1.0,3.35,90.0,1.675,0.001,0.001,1.0e-5,1.0e-5,1.0e-5,6,4,64,12,17.4029,9.7824,-0.8227712045139786,8.41072951948375
nn,Sharp,,200.37781580499157,-13.326287824947933,187.05152798004363,5.895031318987309,-0.3920537998595669,5.502977519127742,78.41620481210566,78.43646171071352,5.915486445277915e-6,960768,40.21238596595027,3.0,1.0,3.35,90.0,1.675,0.001,0.001,1.0e-5,1.0e-5,1.0e-5,6,4,64,12,8.8319,5.1678,-0.3351775191277424,6.485884111764047
onsite,Sharp,,388.3857900138944,-38.47508145259263,349.91070856130176,11.429098749294463,-1.1322131669469617,10.296885582347501,78.41620481210566,78.41620481210566,8.678992137637642e-6,960768,40.21238596595027,3.2,1.0,3.35,90.0,1.675,0.001,0.001,1.0e-5,1.0e-5,1.0e-5,6,4,64,12,17.4029,9.7824,-0.5144855823475005,5.259298151246121
nn,Sharp,,197.24691322541597,-15.925458594873776,181.32145463054218,5.8029214779395435,-0.468520314032078,5.334401163907464,78.41620481210566,78.43646171071352,8.678992137637642e-6,960768,40.21238596595027,3.2,1.0,3.35,90.0,1.675,0.001,0.001,1.0e-5,1.0e-5,1.0e-5,6,4,64,12,8.8319,5.1678,-0.1666011639074645,3.2238314932362804
onsite,Sharp,,380.45955053441867,-44.53469449136426,335.92485604305443,11.195851869386104,-1.3105304936446138,9.88532137574149,78.41620481210566,78.41620481210566,4.623174660010919e-6,960768,40.21238596595027,3.5,1.0,3.35,90.0,1.675,0.001,0.001,1.0e-5,1.0e-5,1.0e-5,6,4,64,12,17.4029,9.7824,-0.10292137574148974,1.0521076192088825
nn,Sharp,,193.22146705167603,-19.634824693765975,173.58664235791005,5.684494539449562,-0.5776483092580573,5.106846230191504,78.41620481210566,78.43646171071352,4.623174660010919e-6,960768,40.21238596595027,3.5,1.0,3.35,90.0,1.675,0.001,0.001,1.0e-5,1.0e-5,1.0e-5,6,4,64,12,8.8319,5.1678,0.06095376980849565,-1.1794916561882358
