channel,mode,bandwidth,u_int_raw,u_scatter_raw,u_total_raw,u_int_ev,u_scatter_ev,u_total_ev,Na,Nb,sigma_residual,n_interface_points,tkm_kmax,eps_in,eps_out,Lz,L,z_center,source_tol,rhs_tol,lhs_tol,gmres_atol,gmres_rtol,n_quad,edge_refine_level,max_order,max_depth,coqui_v_ijkl,coqui_U_ijkl,diff_ev
onsite,Sharp,,419.2100546562996,-20.01953843121746,399.1905162250821,12.336169948938075,-0.5891185710926614,11.74705137784541,78.41620481210566,78.41620481210566,5.538313972774196e-6,960552,40.21238596595027,2.4,1.0,3.35,90.0,1.675,0.001,0.001,1.0e-5,1.0e-5,1.0e-5,6,4,64,12,17.4029,9.7824,-1.96465137784541
nn,Sharp,,212.90142612329356,-5.114795145884127,207.78663097740943,6.263470683178362,-0.15047512846699113,6.11299555471137,78.41620481210566,78.43646171071352,5.538313972774196e-6,960552,40.21238596595027,2.4,1.0,3.35,90.0,1.675,0.001,0.001,1.0e-5,1.0e-5,1.0e-5,6,4,64,12,8.8319,5.1678,-0.9451955547113702
onsite,SoftMixInversePermittivity,0.05,419.21005148620145,-19.988178541039257,399.2218729451622,12.336169855651026,-0.5881957379436915,11.747974117707335,78.41620481210566,78.41620481210566,5.544385174771838e-6,960552,40.21238596595027,2.4,1.0,3.35,90.0,1.675,0.001,0.001,1.0e-5,1.0e-5,1.0e-5,6,4,64,12,17.4029,9.7824,-1.9655741177073338
nn,SoftMixInversePermittivity,0.05,212.90142322322993,-5.097832417570738,207.80359080565918,6.263470597859705,-0.14997609211278606,6.113494505746918,78.41620481210566,78.43646171071352,5.544385174771838e-6,960552,40.21238596595027,2.4,1.0,3.35,90.0,1.675,0.001,0.001,1.0e-5,1.0e-5,1.0e-5,6,4,64,12,8.8319,5.1678,-0.9456945057469186
onsite,SoftMixInversePermittivity,0.1,419.21007351377125,-19.607447744983933,399.60262576878733,12.336170503860298,-0.5769919040833998,11.759178599776897,78.41620481210566,78.41620481210566,5.616769907869909e-6,960552,40.21238596595027,2.4,1.0,3.35,90.0,1.675,0.001,0.001,1.0e-5,1.0e-5,1.0e-5,6,4,64,12,17.4029,9.7824,-1.976778599776896
nn,SoftMixInversePermittivity,0.1,212.90144330058243,-4.888085977882374,208.01335732270005,6.263471188526998,-0.1438054398075812,6.119665748719415,78.41620481210566,78.43646171071352,5.616769907869909e-6,960552,40.21238596595027,2.4,1.0,3.35,90.0,1.675,0.001,0.001,1.0e-5,1.0e-5,1.0e-5,6,4,64,12,8.8319,5.1678,-0.9518657487194151
onsite,SoftMixInversePermittivity,0.2,419.21016967625303,-17.63559047485714,401.57457920139586,12.336173333651006,-0.5189657042603139,11.817207629390692,78.41620481210566,78.41620481210566,5.9714149334359644e-6,960552,40.21238596595027,2.4,1.0,3.35,90.0,1.675,0.001,0.001,1.0e-5,1.0e-5,1.0e-5,6,4,64,12,17.4029,9.7824,-2.0348076293906914
nn,SoftMixInversePermittivity,0.2,212.9015306848545,-3.728858827854914,209.17267185699959,6.26347375933564,-0.10970146313841317,6.153772296197226,78.41620481210566,78.43646171071352,5.9714149334359644e-6,960552,40.21238596595027,2.4,1.0,3.35,90.0,1.675,0.001,0.001,1.0e-5,1.0e-5,1.0e-5,6,4,64,12,8.8319,5.1678,-0.9859722961972262
onsite,SoftMixInversePermittivity,0.4,419.2107352154554,-10.962438289438015,408.24829692601736,12.336189975875197,-0.3225936503458366,12.013596325529361,78.41620481210566,78.41620481210566,7.213252297870174e-6,960336,40.21238596595027,2.4,1.0,3.35,90.0,1.675,0.001,0.001,1.0e-5,1.0e-5,1.0e-5,6,4,64,12,17.4029,9.7824,-2.2311963255293605
nn,SoftMixInversePermittivity,0.4,212.90203995109837,0.5211531442568146,213.4231930953552,6.26348874173499,0.015332106975217872,6.278820848710208,78.41620481210566,78.43646171071352,7.213252297870174e-6,960336,40.21238596595027,2.4,1.0,3.35,90.0,1.675,0.001,0.001,1.0e-5,1.0e-5,1.0e-5,6,4,64,12,8.8319,5.1678,-1.1110208487102087
hund,Sharp,,3.1600699453877907,-0.09385959263272438,3.0662103527550664,0.0929679327195635,-0.0027613098582518706,0.09020662286131163,78.41620481210566,78.43646171071352,1.537951907869205e-5,956448,40.21238596595027,2.4,1.0,3.35,90.0,1.675,0.001,0.001,1.0e-5,1.0e-5,1.0e-5,6,4,64,12,0.1316,0.0937,0.003493377138688372
