pair,N_FFT,U_raw,U_ev
U_00,32,441.13941803469464,11.242262936557005
U_01,32,352.598696173664,8.984938934283932
U_02,32,237.95524787387092,6.064195023989579
U_03,32,210.58235733481746,5.366070952114354
U_00,64,605.323219452334,15.426421934824972
U_01,64,348.4703285706829,8.879739649052338
U_02,64,204.08973486066776,5.201145869434365
U_03,64,187.19764399783224,4.77018042952132
U_00,96,648.234046056584,16.519987315264505
U_01,96,340.8441926281366,8.685410042925326
U_02,96,223.0267802431766,5.683748953013111
U_03,96,190.66380117330823,4.858505233033761
U_00,128,662.4221897093123,16.88156652357064
U_01,128,345.8601454610018,8.813226822708156
U_02,128,217.26659887898862,5.536953017734971
U_03,128,190.54632073066358,4.855511590077648
U_00,160,668.4527361842647,17.035252606361837
U_01,160,346.26181426812263,8.823462168847977
U_02,160,218.57178763337518,5.57021523498144
U_03,160,190.57336563549805,4.85620074979678
U_00,192,671.222225318824,17.10583193747073
U_01,192,345.9240999233057,8.814856513755261
U_02,192,218.3927206752735,5.565651784643683
U_03,192,190.5705733899767,4.856129597646272
U_00,224,672.4924472996069,17.138203040373693
U_01,224,345.96930569426536,8.816008449641462
U_02,224,218.36341597467512,5.564904965982881
U_03,224,190.57083191817964,4.85613618547584
U_00,256,673.0696849848164,17.15291371361828
U_01,256,346.01241773749393,8.817107033045044
U_02,256,218.41093976219494,5.56611609084091
U_03,256,190.57169877308274,4.85615827471909
