pair,tol,U_raw,U_ev,kmax,spacing_x,spacing_y,spacing_z,delta_k_x,delta_k_y,delta_k_z,axis_nyquist_x,axis_nyquist_y,axis_nyquist_z,rel_err_raw,rel_err_ev
U_00,0.01,672.6324479581256,17.141770901575875,39.06245546191246,0.0008245812940595479,0.07123850000000001,0.0804248636303209,0.3421268603820097,0.587995284121141,0.4111837417043415,3809.9247172140194,44.09964630908557,39.06245546191246,0.0013254710541249952,0.0013254710541248525
U_00,0.001,673.4989684305793,17.163853831808304,39.06245546191246,0.0008245812940595479,0.07123850000000001,0.0804248636303209,0.3421268603820097,0.587995284121141,0.4111837417043415,3809.9247172140194,44.09964630908557,39.06245546191246,3.892603644603718e-5,3.892603644594736e-5
U_00,0.0001,673.5251860965207,17.16452197861642,39.06245546191246,0.0008245812940595479,0.07123850000000001,0.0804248636303209,0.3421268603820097,0.587995284121141,0.4111837417043415,3809.9247172140194,44.09964630908557,39.06245546191246,0.0,0.0
U_01,0.01,345.5754297633464,8.805971681992022,39.06245546191246,0.0008245812940595479,0.07123850000000001,0.0804248636303209,0.3421268603820097,0.587995284121141,0.4111837417043415,3809.9247172140194,44.09964630908557,39.06245546191246,0.0012492162614218768,0.0012492162614217584
U_01,0.001,345.9940925814316,8.816640070432964,39.06245546191246,0.0008245812940595479,0.07123850000000001,0.0804248636303209,0.3421268603820097,0.587995284121141,0.4111837417043415,3809.9247172140194,44.09964630908557,39.06245546191246,3.9234932682380015e-5,3.9234932682290474e-5
U_01,0.0001,346.00766816899977,8.816986004285303,39.06245546191246,0.0008245812940595479,0.07123850000000001,0.0804248636303209,0.3421268603820097,0.587995284121141,0.4111837417043415,3809.9247172140194,44.09964630908557,39.06245546191246,0.0,0.0
U_02,0.01,218.1816497556918,5.560272726053159,39.06245546191246,0.0008245812940595479,0.07123850000000001,0.0804248636303209,0.3421268603820097,0.587995284121141,0.4111837417043415,3809.9247172140194,44.09964630908557,39.06245546191246,0.0009753054239907262,0.0009753054239906821
U_02,0.001,218.38735364030944,5.565515007888333,39.06245546191246,0.0008245812940595479,0.07123850000000001,0.0804248636303209,0.3421268603820097,0.587995284121141,0.4111837417043415,3809.9247172140194,44.09964630908557,39.06245546191246,3.341475292218277e-5,3.341475292221559e-5
U_02,0.0001,218.39465124362027,5.565700984411566,39.06245546191246,0.0008245812940595479,0.07123850000000001,0.0804248636303209,0.3421268603820097,0.587995284121141,0.4111837417043415,3809.9247172140194,44.09964630908557,39.06245546191246,0.0,0.0
U_03,0.01,190.39846627716787,4.851743954943891,39.06245546191246,0.0008245812940595479,0.07123850000000001,0.0804248636303209,0.3421268603820097,0.587995284121141,0.4111837417043415,3809.9247172140194,44.09964630908557,39.06245546191246,0.0009132517467183797,0.0009132517467180962
U_03,0.001,190.5665593864926,4.856027312593667,39.06245546191246,0.0008245812940595479,0.07123850000000001,0.0804248636303209,0.3421268603820097,0.587995284121141,0.4111837417043415,3809.9247172140194,44.09964630908557,39.06245546191246,3.1208937851666116e-5,3.1208937851521436e-5
U_03,0.0001,190.5725069520183,4.856178868778178,39.06245546191246,0.0008245812940595479,0.07123850000000001,0.0804248636303209,0.3421268603820097,0.587995284121141,0.4111837417043415,3809.9247172140194,44.09964630908557,39.06245546191246,0.0,0.0
