system,eps,p,r,N,n_panels,niter,residual,n_near_pairs,n_adaptive_pairs,p_up_max,p_up_mean,corr_nnz,corr_mb,max_order,fmm_tol,tkm_kmax,hostname,nthreads,date,t_source,t_interface,t_rhs,t_fmm_setup,t_near,t_gmres,t_eval_inc,t_eval_sc,V,variant,eps2,gamma12,wall
fig1_eps4.0_2.0_10.0,0.0001,6,1,165744,4604,20,6.1318039920706e-5,0,6896,0,0.0,8449920,136.52,64,0.0001,111.29891989407517,worker7018,96,2026-06-10 22:29:12,0.0,0.0,0.4390430450439453,0.004520893096923828,0.778174877166748,16.9028160572052,0.6368749141693115,2.1378979682922363,0.06367876777156563,test,2.0,-0.3333333333333333,22.47
fig1_eps4.0_6.0_10.0,0.0001,6,1,165744,4604,16,5.091255020285084e-5,0,6896,0,0.0,8449920,136.52,64,0.0001,111.29891989407517,worker7018,96,2026-06-10 22:29:32,0.0,0.0,0.2404317855834961,0.004462003707885742,0.7694530487060547,13.754212141036987,0.04117918014526367,1.9924237728118896,0.0590999539003934,test,6.0,0.2,18.86
fig1_eps4.0_20.0_10.0,0.0001,6,1,165744,4604,24,3.952983393991063e-5,0,6896,0,0.0,8449920,136.52,64,0.0001,111.29891989407517,worker7018,96,2026-06-10 22:30:06,0.0,0.0,1.2855939865112305,0.004050016403198242,0.6331448554992676,28.69544291496277,0.04593396186828613,1.8102459907531738,0.05311274486995682,test,20.0,0.6666666666666666,34.56
fig1_eps4.0_60.0_10.0,0.0001,6,1,165744,4604,29,8.033844103504609e-5,0,6896,0,0.0,8449920,136.52,64,0.0001,111.29891989407517,worker7018,96,2026-06-10 22:30:36,0.0,0.0,0.3849480152130127,0.004890918731689453,0.8088579177856445,26.337142944335938,0.03857302665710449,0.828045129776001,0.04891727249022563,test,60.0,0.875,29.35
fig1_eps4.0_200.0_10.0,0.0001,6,1,165744,4604,35,9.879250578891504e-5,0,6896,0,0.0,8449920,136.52,64,0.0001,111.29891989407517,worker7018,96,2026-06-10 22:31:19,0.0,0.0,0.42374205589294434,0.0038690567016601562,0.7477171421051025,39.682552099227905,0.07092499732971191,0.9338829517364502,0.0463551416392525,test,200.0,0.9607843137254902,42.97
fig1_eps4.0_2.0_10.0,0.0001,6,2,368784,10244,20,9.530976150575954e-5,0,13904,0,0.0,17034624,275.5,64,0.0001,111.29891989407517,worker7018,96,2026-06-10 22:31:58,0.0,0.0,0.3973100185394287,0.008012056350708008,1.364975929260254,30.57803702354431,0.04215502738952637,1.5702159404754639,0.0637112500542397,test,2.0,-0.3333333333333333,36.77
fig1_eps4.0_6.0_10.0,0.0001,6,2,368784,10244,16,8.287640124445267e-5,0,13904,0,0.0,17034624,275.5,64,0.0001,111.29891989407517,worker7018,96,2026-06-10 22:32:24,0.0,0.0,0.6045968532562256,0.026153087615966797,1.216797113418579,19.784870862960815,0.0397028923034668,2.3849639892578125,0.059122387809802085,test,6.0,0.2,25.41
fig1_eps4.0_20.0_10.0,0.0001,6,2,368784,10244,24,8.083136324710644e-5,0,13904,0,0.0,17034624,275.5,64,0.0001,111.29891989407517,worker7018,96,2026-06-10 22:33:08,9.5367431640625e-7,0.0,0.4593479633331299,0.008105039596557617,1.1919851303100586,37.96270704269409,0.0366058349609375,1.9018020629882812,0.053146412502243244,test,20.0,0.6666666666666666,44.35
fig1_eps4.0_60.0_10.0,0.0001,6,2,368784,10244,31,8.347980038047689e-5,0,13904,0,0.0,17034624,275.5,64,0.0001,111.29891989407517,worker7018,96,2026-06-10 22:34:02,0.0,0.0,0.5127301216125488,0.01071310043334961,1.230544090270996,48.16507387161255,0.042172908782958984,2.0949652194976807,0.04898847408802512,test,60.0,0.875,53.5
fig1_eps4.0_200.0_10.0,0.0001,6,2,368784,10244,37,6.104749141980285e-5,0,13904,0,0.0,17034624,275.5,64,0.0001,111.29891989407517,worker7018,96,2026-06-10 22:34:58,0.0,0.0,0.34334421157836914,0.007976055145263672,1.283294916152954,50.651155948638916,0.04751706123352051,2.541316032409668,0.04655886145284077,test,200.0,0.9607843137254902,56.11
fig1_eps4.0_2.0_10.0,0.0001,6,3,782640,21740,21,7.707943148639289e-5,0,27920,0,0.0,34204032,553.53,64,0.0001,111.29891989407517,worker7018,96,2026-06-10 22:36:03,0.0,0.0,1.0622549057006836,0.021577835083007812,2.099792003631592,56.619157791137695,0.04690408706665039,2.3580620288848877,0.06373223436300918,test,2.0,-0.3333333333333333,64.55
fig1_eps4.0_6.0_10.0,0.0001,6,3,782640,21740,17,7.871829890040662e-5,0,27920,0,0.0,34204032,553.53,64,0.0001,111.29891989407517,worker7018,96,2026-06-10 22:37:01,0.0,9.5367431640625e-7,0.9052789211273193,0.021647930145263672,2.1028599739074707,48.27597403526306,0.04188895225524902,3.0234010219573975,0.0591362260877013,test,6.0,0.2,57.78
fig1_eps4.0_20.0_10.0,0.0001,6,3,782640,21740,26,8.436787866486011e-5,0,27920,0,0.0,34204032,553.53,64,0.0001,111.29891989407517,worker7018,96,2026-06-10 22:38:04,0.0,0.0,0.6934690475463867,0.01746988296508789,2.1277577877044678,54.953263998031616,0.04788994789123535,3.209744930267334,0.05316796419643697,test,20.0,0.6666666666666666,62.73
fig1_eps4.0_60.0_10.0,0.0001,6,3,782640,21740,32,7.450435251644816e-5,0,27920,0,0.0,34204032,553.53,64,0.0001,111.29891989407517,worker7018,96,2026-06-10 22:39:37,0.0,0.0,0.9199309349060059,0.021756887435913086,2.063946008682251,85.4308729171753,0.04310297966003418,2.644016981124878,0.04903358009728437,test,60.0,0.875,93.06
fig1_eps4.0_200.0_10.0,0.0001,6,3,782640,21740,40,4.753486753635783e-5,0,27920,0,0.0,34204032,553.53,64,0.0001,111.29891989407517,worker7018,96,2026-06-10 22:41:34,1.1920928955078125e-6,0.0,1.95558500289917,0.021708965301513672,2.093283176422119,107.74236392974854,0.04017305374145508,2.9654080867767334,0.046687803826934625,test,200.0,0.9607843137254902,116.8
fig1_eps4.0_2.0_10.0,0.0001,6,4,1618128,44948,22,9.913441167627628e-5,0,55952,0,0.0,68542848,1109.63,64,0.0001,111.29891989407517,worker7018,96,2026-06-10 22:43:30,0.0,0.0,1.9374399185180664,0.07377099990844727,3.8576250076293945,98.08108592033386,0.08528399467468262,3.6381900310516357,0.0637443548614391,test,2.0,-0.3333333333333333,114.2
fig1_eps4.0_6.0_10.0,0.0001,6,4,1618128,44948,18,5.3588561223692596e-5,0,55952,0,0.0,68542848,1109.63,64,0.0001,111.29891989407517,worker7018,96,2026-06-10 22:45:24,0.0,0.0,1.6090421676635742,0.08487892150878906,3.743036985397339,99.59552311897278,0.044317007064819336,4.753921985626221,0.059143823769817146,test,6.0,0.2,114.49
fig1_eps4.0_20.0_10.0,0.0001,6,4,1618128,44948,27,7.578941210091851e-5,0,55952,0,0.0,68542848,1109.63,64,0.0001,111.29891989407517,worker7018,96,2026-06-10 22:47:48,0.0,0.0,1.9534940719604492,0.07463502883911133,3.750319004058838,130.11603713035583,0.04713892936706543,3.1611268520355225,0.0531807771880742,test,20.0,0.6666666666666666,143.75
fig1_eps4.0_60.0_10.0,0.0001,6,4,1618128,44948,34,9.938829032439672e-5,0,55952,0,0.0,68542848,1109.63,64,0.0001,111.29891989407517,worker7018,96,2026-06-10 22:50:45,0.0,0.0,1.605997085571289,0.07879996299743652,3.7360429763793945,161.99473404884338,0.05679011344909668,3.0470070838928223,0.049061561266811646,test,60.0,0.875,177.07
fig1_eps4.0_200.0_10.0,0.0001,6,4,1618128,44948,41,6.482273637086071e-5,0,55952,0,0.0,68542848,1109.63,64,0.0001,111.29891989407517,worker7018,96,2026-06-10 22:54:21,9.5367431640625e-7,0.0,1.979768991470337,0.07299494743347168,3.725978136062622,201.95991206169128,0.04434704780578613,3.190072774887085,0.04676491467183777,test,200.0,0.9607843137254902,215.52
fig1_eps4.0_2.0_10.0,0.0001,6,5,3296880,91580,24,5.640039037201893e-5,0,112016,0,0.0,137220480,2221.9,64,0.0001,111.29891989407517,worker7018,96,2026-06-10 22:58:21,0.0,0.0,3.481405019760132,0.18724679946899414,6.931136846542358,212.7547550201416,0.05454683303833008,7.083827018737793,0.06375111642405114,test,2.0,-0.3333333333333333,239.05
fig1_eps4.0_6.0_10.0,0.0001,6,5,3296880,91580,18,8.676608472576827e-5,0,112016,0,0.0,137220480,2221.9,64,0.0001,111.29891989407517,worker7018,96,2026-06-10 23:01:36,0.0,0.0,5.178436040878296,0.14879703521728516,6.942478895187378,166.99091482162476,0.0517270565032959,5.591236114501953,0.05914865657231228,test,6.0,0.2,194.31
fig1_eps4.0_20.0_10.0,0.0001,6,5,3296880,91580,28,6.848174062269262e-5,0,112016,0,0.0,137220480,2221.9,64,0.0001,111.29891989407517,worker7018,96,2026-06-10 23:06:09,0.0,0.0,3.1982321739196777,0.1482539176940918,6.808659076690674,248.95550107955933,0.0487060546875,5.366486072540283,0.05318797654883299,test,20.0,0.6666666666666666,273.62
fig1_eps4.0_60.0_10.0,0.0001,6,5,3296880,91580,36,5.458660308204104e-5,0,112016,0,0.0,137220480,2221.9,64,0.0001,111.29891989407517,worker7018,96,2026-06-10 23:11:47,0.0,0.0,2.994256019592285,0.1490631103515625,6.846275091171265,313.24862790107727,0.060193777084350586,5.762739181518555,0.04907823123885169,test,60.0,0.875,337.16
fig1_eps4.0_200.0_10.0,0.0001,6,5,3296880,91580,43,7.86310602906352e-5,0,112016,0,0.0,137220480,2221.9,64,0.0001,111.29891989407517,worker7018,96,2026-06-10 23:18:19,0.0,0.0,3.1291189193725586,0.13673686981201172,6.968137979507446,367.22615694999695,0.05199694633483887,5.934421062469482,0.04681944945116226,test,200.0,0.9607843137254902,392.1
fig1_eps4.0_2.0_10.0,1.0e-6,8,6,11843840,185060,34,6.171712367233524e-7,0,224144,0,0.0,867794944,13979.47,64,1.0e-6,149.39696492761684,worker7018,96,2026-06-10 23:38:01,0.0,0.0,13.490985870361328,0.31743788719177246,36.906620025634766,1078.1232569217682,0.0818779468536377,17.99234104156494,0.06375850573984426,ref,2.0,-0.3333333333333333,1178.5
fig1_eps4.0_6.0_10.0,1.0e-6,8,6,11843840,185060,27,6.142101355769433e-7,0,224144,0,0.0,867794944,13979.47,64,1.0e-6,149.39696492761684,worker7018,96,2026-06-10 23:54:06,0.0,0.0,13.656898021697998,0.3124258518218994,37.50733995437622,864.5736820697784,0.0825660228729248,17.284281015396118,0.05915334137793626,ref,6.0,0.2,964.45
fig1_eps4.0_20.0_10.0,1.0e-6,8,6,11843840,185060,39,8.379644973219714e-7,0,224144,0,0.0,867794944,13979.47,64,1.0e-6,149.39696492761684,worker7018,96,2026-06-11 00:16:22,0.0,0.0,13.227628946304321,0.30382299423217773,37.746227979660034,1235.6131739616394,0.07274889945983887,17.630836009979248,0.053195853633590924,ref,20.0,0.6666666666666666,1335.99
fig1_eps4.0_60.0_10.0,1.0e-6,8,6,11843840,185060,50,6.597141434667065e-7,0,224144,0,0.0,867794944,13979.47,64,1.0e-6,149.39696492761684,worker7018,96,2026-06-11 00:44:39,0.0,0.0,13.581594944000244,0.32709407806396484,37.58388805389404,1596.175171136856,0.07041311264038086,17.473603010177612,0.049094933957557166,ref,60.0,0.875,1696.24
fig1_eps4.0_200.0_10.0,1.0e-6,8,6,11843840,185060,57,9.789380987571365e-7,0,224144,0,0.0,867794944,13979.47,64,1.0e-6,149.39696492761684,worker7018,96,2026-06-11 01:16:53,0.0,0.0,13.370868921279907,0.37508201599121094,37.454066038131714,1831.8872199058533,0.07476401329040527,16.76859211921692,0.04686964226290677,ref,200.0,0.9607843137254902,1934.17
