orbital	template	x_A	y_A	dx_A	U_eV	U_bare_eV	eps_eff	in_chain
163	2	-4.9301	18.5012	-10.4771	7.062421	17.387746	2.46201	0
127	2	-4.9301	14.2317	-10.4771	7.057438	17.387746	2.46375	0
91	2	-4.9301	9.9622	-10.4771	7.061695	17.387746	2.46226	1
55	2	-4.9301	5.6927	-10.4771	7.064881	17.387746	2.46115	0
19	2	-4.9301	1.4232	-10.4771	7.068258	17.387746	2.45998	0
190	1	-4.9291	21.3485	-10.4761	7.071708	17.384870	2.45837	0
154	1	-4.9291	17.0789	-10.4761	7.065047	17.384870	2.46069	0
118	1	-4.9291	12.8094	-10.4761	7.057609	17.384870	2.46328	0
82	1	-4.9291	8.5399	-10.4761	7.053706	17.384870	2.46464	0
46	1	-4.9291	4.2704	-10.4761	7.060735	17.384870	2.46219	0
10	1	-4.9291	0.0009	-10.4761	7.066194	17.384870	2.46029	0
181	2	-3.6976	20.6360	-9.2446	7.063375	17.387746	2.46168	0
145	2	-3.6976	16.3665	-9.2446	7.057466	17.387746	2.46374	0
109	2	-3.6976	12.0970	-9.2446	7.061451	17.387746	2.46235	0
73	2	-3.6976	7.8275	-9.2446	7.054227	17.387746	2.46487	0
37	2	-3.6976	3.5579	-9.2446	7.053025	17.387746	2.46529	0
1	2	-3.6976	-0.7116	-9.2446	7.068606	17.387746	2.45986	0
172	1	-3.6966	19.2137	-9.2436	7.053190	17.384870	2.46482	0
136	1	-3.6966	14.9442	-9.2436	7.055264	17.384870	2.46410	0
100	1	-3.6966	10.6747	-9.2436	7.053270	17.384870	2.46480	1
64	1	-3.6966	6.4052	-9.2436	7.054862	17.384870	2.46424	0
28	1	-3.6966	2.1357	-9.2436	7.056174	17.384870	2.46378	0
164	2	-2.4651	18.5012	-8.0121	7.063807	17.387746	2.46153	0
128	2	-2.4651	14.2317	-8.0121	7.058902	17.387746	2.46324	0
92	2	-2.4651	9.9622	-8.0121	7.063031	17.387746	2.46180	1
56	2	-2.4651	5.6927	-8.0121	7.055826	17.387746	2.46431	0
20	2	-2.4651	1.4232	-8.0121	7.071806	17.387746	2.45874	0
191	1	-2.4641	21.3485	-8.0111	7.076209	17.384870	2.45681	0
155	1	-2.4641	17.0789	-8.0111	7.056504	17.384870	2.46367	0
119	1	-2.4641	12.8094	-8.0111	7.059507	17.384870	2.46262	0
83	1	-2.4641	8.5399	-8.0111	7.060341	17.384870	2.46233	0
47	1	-2.4641	4.2704	-8.0111	7.062082	17.384870	2.46172	0
11	1	-2.4641	0.0009	-8.0111	7.059253	17.384870	2.46271	0
182	2	-1.2326	20.6360	-6.7796	7.070690	17.387746	2.45913	0
146	2	-1.2326	16.3665	-6.7796	7.066928	17.387746	2.46044	0
110	2	-1.2326	12.0970	-6.7796	7.068240	17.387746	2.45998	0
74	2	-1.2326	7.8275	-6.7796	7.060555	17.387746	2.46266	0
38	2	-1.2326	3.5579	-6.7796	7.062035	17.387746	2.46214	0
2	2	-1.2326	-0.7116	-6.7796	7.077059	17.387746	2.45692	0
173	1	-1.2316	19.2137	-6.7786	7.061107	17.384870	2.46206	0
137	1	-1.2316	14.9442	-6.7786	7.063484	17.384870	2.46123	0
101	1	-1.2316	10.6747	-6.7786	7.062645	17.384870	2.46152	1
65	1	-1.2316	6.4052	-6.7786	7.064394	17.384870	2.46091	0
29	1	-1.2316	2.1357	-6.7786	7.063539	17.384870	2.46121	0
165	2	-0.0001	18.5012	-5.5471	7.080093	17.387746	2.45586	0
129	2	-0.0001	14.2317	-5.5471	7.070703	17.387746	2.45913	0
93	2	-0.0001	9.9622	-5.5471	7.076229	17.387746	2.45721	1
57	2	-0.0001	5.6927	-5.5471	7.081175	17.387746	2.45549	0
21	2	-0.0001	1.4232	-5.5471	7.085163	17.387746	2.45411	0
192	1	0.0009	21.3485	-5.5461	7.085046	17.384870	2.45374	0
156	1	0.0009	17.0789	-5.5461	7.071309	17.384870	2.45851	0
120	1	0.0009	12.8094	-5.5461	7.074933	17.384870	2.45725	0
84	1	0.0009	8.5399	-5.5461	7.071614	17.384870	2.45840	0
48	1	0.0009	4.2704	-5.5461	7.072624	17.384870	2.45805	0
12	1	0.0009	0.0009	-5.5461	7.077476	17.384870	2.45637	0
183	2	1.2324	20.6360	-4.3146	7.084429	17.387746	2.45436	0
147	2	1.2324	16.3665	-4.3146	7.077053	17.387746	2.45692	0
111	2	1.2324	12.0970	-4.3146	7.076381	17.387746	2.45715	0
75	2	1.2324	7.8275	-4.3146	7.079824	17.387746	2.45596	0
39	2	1.2324	3.5579	-4.3146	7.075795	17.387746	2.45736	0
3	2	1.2324	-0.7116	-4.3146	7.091242	17.387746	2.45200	0
174	1	1.2334	19.2137	-4.3136	7.076854	17.384870	2.45658	0
138	1	1.2334	14.9442	-4.3136	7.076934	17.384870	2.45655	0
102	1	1.2334	10.6747	-4.3136	7.075549	17.384870	2.45703	1
66	1	1.2334	6.4052	-4.3136	7.072599	17.384870	2.45806	0
30	1	1.2334	2.1357	-4.3136	7.083952	17.384870	2.45412	0
166	2	2.4649	18.5012	-3.0821	7.099469	17.387746	2.44916	0
130	2	2.4649	14.2317	-3.0821	7.093884	17.387746	2.45109	0
94	2	2.4649	9.9622	-3.0821	7.094679	17.387746	2.45081	1
58	2	2.4649	5.6927	-3.0821	7.093514	17.387746	2.45122	0
22	2	2.4649	1.4232	-3.0821	7.097317	17.387746	2.44990	0
193	1	2.4659	21.3485	-3.0811	7.107154	17.384870	2.44611	0
157	1	2.4659	17.0789	-3.0811	7.093639	17.384870	2.45077	0
121	1	2.4659	12.8094	-3.0811	7.095405	17.384870	2.45016	0
85	1	2.4659	8.5399	-3.0811	7.089080	17.384870	2.45234	0
49	1	2.4659	4.2704	-3.0811	7.094098	17.384870	2.45061	0
13	1	2.4659	0.0009	-3.0811	7.099155	17.384870	2.44886	0
184	2	3.6974	20.6360	-1.8496	7.111349	17.387746	2.44507	0
148	2	3.6974	16.3665	-1.8496	7.104886	17.387746	2.44729	0
112	2	3.6974	12.0970	-1.8496	7.103122	17.387746	2.44790	0
76	2	3.6974	7.8275	-1.8496	7.107706	17.387746	2.44632	0
40	2	3.6974	3.5579	-1.8496	7.103651	17.387746	2.44772	0
4	2	3.6974	-0.7116	-1.8496	7.119107	17.387746	2.44241	0
175	1	3.6984	19.2137	-1.8486	7.103826	17.384870	2.44725	0
139	1	3.6984	14.9442	-1.8486	7.102660	17.384870	2.44766	0
103	1	3.6984	10.6747	-1.8486	7.101550	17.384870	2.44804	1
67	1	3.6984	6.4052	-1.8486	7.101252	17.384870	2.44814	0
31	1	3.6984	2.1357	-1.8486	7.108466	17.384870	2.44566	0
167	2	4.9299	18.5012	-0.6171	7.134077	17.387746	2.43728	0
131	2	4.9299	14.2317	-0.6171	7.127579	17.387746	2.43950	0
95	2	4.9299	9.9622	-0.6171	7.129431	17.387746	2.43887	1
59	2	4.9299	5.6927	-0.6171	7.126131	17.387746	2.44000	0
23	2	4.9299	1.4232	-0.6171	7.131082	17.387746	2.43830	0
194	1	4.9309	21.3485	-0.6161	7.141209	17.384870	2.43444	0
158	1	4.9309	17.0789	-0.6161	7.126417	17.384870	2.43950	0
122	1	4.9309	12.8094	-0.6161	7.129595	17.384870	2.43841	0
86	1	4.9309	8.5399	-0.6161	7.122275	17.384870	2.44092	0
50	1	4.9309	4.2704	-0.6161	7.127727	17.384870	2.43905	0
14	1	4.9309	0.0009	-0.6161	7.132518	17.384870	2.43741	0
185	2	6.1624	20.6360	0.6154	7.158205	17.387746	2.42907	0
149	2	6.1624	16.3665	0.6154	7.148503	17.387746	2.43236	0
113	2	6.1624	12.0970	0.6154	7.146453	17.387746	2.43306	0
77	2	6.1624	7.8275	0.6154	7.149732	17.387746	2.43194	0
41	2	6.1624	3.5579	0.6154	7.148220	17.387746	2.43246	0
5	2	6.1624	-0.7116	0.6154	7.165708	17.387746	2.42652	0
176	1	6.1634	19.2137	0.6164	7.148476	17.384870	2.43197	0
140	1	6.1634	14.9442	0.6164	7.154180	17.384870	2.43003	0
104	1	6.1634	10.6747	0.6164	7.149738	17.384870	2.43154	1
68	1	6.1634	6.4052	0.6164	7.151433	17.384870	2.43096	0
32	1	6.1634	2.1357	0.6164	7.150621	17.384870	2.43124	0
168	2	7.3949	18.5012	1.8479	7.183602	17.387746	2.42048	0
132	2	7.3949	14.2317	1.8479	7.177489	17.387746	2.42254	0
96	2	7.3949	9.9622	1.8479	7.179736	17.387746	2.42178	1
60	2	7.3949	5.6927	1.8479	7.172731	17.387746	2.42415	0
24	2	7.3949	1.4232	1.8479	7.188744	17.387746	2.41875	0
195	1	7.3959	21.3485	1.8489	7.192626	17.384870	2.41704	0
159	1	7.3959	17.0789	1.8489	7.177523	17.384870	2.42213	0
123	1	7.3959	12.8094	1.8489	7.175769	17.384870	2.42272	0
87	1	7.3959	8.5399	1.8489	7.171901	17.384870	2.42403	0
51	1	7.3959	4.2704	1.8489	7.182628	17.384870	2.42041	0
15	1	7.3959	0.0009	1.8489	7.177113	17.384870	2.42227	0
186	2	8.6274	20.6360	3.0804	7.209052	17.387746	2.41193	0
150	2	8.6274	16.3665	3.0804	7.198853	17.387746	2.41535	0
114	2	8.6274	12.0970	3.0804	7.198008	17.387746	2.41563	0
78	2	8.6274	7.8275	3.0804	7.197593	17.387746	2.41577	0
42	2	8.6274	3.5579	3.0804	7.199003	17.387746	2.41530	0
6	2	8.6274	-0.7116	3.0804	7.213390	17.387746	2.41048	0
177	1	8.6284	19.2137	3.0814	7.199059	17.384870	2.41488	0
141	1	8.6284	14.9442	3.0814	7.200731	17.384870	2.41432	0
105	1	8.6284	10.6747	3.0814	7.194159	17.384870	2.41653	1
69	1	8.6284	6.4052	3.0814	7.198765	17.384870	2.41498	0
33	1	8.6284	2.1357	3.0814	7.198737	17.384870	2.41499	0
169	2	9.8599	18.5012	4.3129	7.230064	17.387746	2.40492	0
133	2	9.8599	14.2317	4.3129	7.225931	17.387746	2.40630	0
97	2	9.8599	9.9622	4.3129	7.226655	17.387746	2.40606	1
61	2	9.8599	5.6927	4.3129	7.229331	17.387746	2.40517	0
25	2	9.8599	1.4232	4.3129	7.235294	17.387746	2.40318	0
196	1	9.8609	21.3485	4.3139	7.239600	17.384870	2.40136	0
160	1	9.8609	17.0789	4.3139	7.226711	17.384870	2.40564	0
124	1	9.8609	12.8094	4.3139	7.227218	17.384870	2.40547	0
88	1	9.8609	8.5399	4.3139	7.223744	17.384870	2.40663	0
52	1	9.8609	4.2704	4.3139	7.225511	17.384870	2.40604	0
16	1	9.8609	0.0009	4.3139	7.231872	17.384870	2.40392	0
187	2	11.0924	20.6360	5.5454	7.248704	17.387746	2.39874	0
151	2	11.0924	16.3665	5.5454	7.240738	17.387746	2.40138	0
115	2	11.0924	12.0970	5.5454	7.237322	17.387746	2.40251	0
79	2	11.0924	7.8275	5.5454	7.241202	17.387746	2.40122	0
43	2	11.0924	3.5579	5.5454	7.239113	17.387746	2.40192	0
7	2	11.0924	-0.7116	5.5454	7.256144	17.387746	2.39628	0
178	1	11.0934	19.2137	5.5464	7.241881	17.384870	2.40060	0
142	1	11.0934	14.9442	5.5464	7.237801	17.384870	2.40195	0
106	1	11.0934	10.6747	5.5464	7.235429	17.384870	2.40274	1
70	1	11.0934	6.4052	5.5464	7.234104	17.384870	2.40318	0
34	1	11.0934	2.1357	5.5464	7.245203	17.384870	2.39950	0
170	2	12.3249	18.5012	6.7779	7.264455	17.387746	2.39354	0
134	2	12.3249	14.2317	6.7779	7.254829	17.387746	2.39671	0
98	2	12.3249	9.9622	6.7779	7.260015	17.387746	2.39500	1
62	2	12.3249	5.6927	6.7779	7.259508	17.387746	2.39517	0
26	2	12.3249	1.4232	6.7779	7.263865	17.387746	2.39373	0
197	1	12.3259	21.3485	6.7789	7.272891	17.384870	2.39037	0
161	1	12.3259	17.0789	6.7789	7.256968	17.384870	2.39561	0
125	1	12.3259	12.8094	6.7789	7.258108	17.384870	2.39523	0
89	1	12.3259	8.5399	6.7789	7.254337	17.384870	2.39648	0
53	1	12.3259	4.2704	6.7789	7.260799	17.384870	2.39435	0
17	1	12.3259	0.0009	6.7789	7.265625	17.384870	2.39276	0
188	2	13.5574	20.6360	8.0104	7.281778	17.387746	2.38784	0
152	2	13.5574	16.3665	8.0104	7.272634	17.387746	2.39085	0
116	2	13.5574	12.0970	8.0104	7.268674	17.387746	2.39215	0
80	2	13.5574	7.8275	8.0104	7.272819	17.387746	2.39079	0
44	2	13.5574	3.5579	8.0104	7.270415	17.387746	2.39158	0
8	2	13.5574	-0.7116	8.0104	7.288343	17.387746	2.38569	0
179	1	13.5584	19.2137	8.0114	7.271240	17.384870	2.39091	0
143	1	13.5584	14.9442	8.0114	7.270903	17.384870	2.39102	0
107	1	13.5584	10.6747	8.0114	7.266238	17.384870	2.39255	1
71	1	13.5584	6.4052	8.0114	7.267464	17.384870	2.39215	0
35	1	13.5584	2.1357	8.0114	7.277286	17.384870	2.38892	0
171	2	14.7899	18.5012	9.2429	7.289899	17.387746	2.38518	0
135	2	14.7899	14.2317	9.2429	7.282348	17.387746	2.38766	0
99	2	14.7899	9.9622	9.2429	7.286622	17.387746	2.38626	1
63	2	14.7899	5.6927	9.2429	7.284271	17.387746	2.38703	0
27	2	14.7899	1.4232	9.2429	7.289210	17.387746	2.38541	0
198	1	14.7909	21.3485	9.2439	7.300373	17.384870	2.38137	0
162	1	14.7909	17.0789	9.2439	7.282977	17.384870	2.38706	0
126	1	14.7909	12.8094	9.2439	7.283646	17.384870	2.38684	0
90	1	14.7909	8.5399	9.2439	7.278225	17.384870	2.38861	0
54	1	14.7909	4.2704	9.2439	7.284656	17.384870	2.38651	0
18	1	14.7909	0.0009	9.2439	7.290208	17.384870	2.38469	0
189	2	16.0224	20.6360	10.4754	7.313948	17.387746	2.37734	0
153	2	16.0224	16.3665	10.4754	7.304984	17.387746	2.38026	0
117	2	16.0224	12.0970	10.4754	7.304728	17.387746	2.38034	0
81	2	16.0224	7.8275	10.4754	7.305543	17.387746	2.38008	0
45	2	16.0224	3.5579	10.4754	7.305508	17.387746	2.38009	0
9	2	16.0224	-0.7116	10.4754	7.321614	17.387746	2.37485	0
180	1	16.0234	19.2137	10.4764	7.306104	17.384870	2.37950	0
144	1	16.0234	14.9442	10.4764	7.305236	17.384870	2.37978	0
108	1	16.0234	10.6747	10.4764	7.301576	17.384870	2.38098	1
72	1	16.0234	6.4052	10.4764	7.301927	17.384870	2.38086	0
36	1	16.0234	2.1357	10.4764	7.308588	17.384870	2.37869	0
