i,j,channel,u_raw,u_ev,Na,Nb,n_source_points,n_target_points,tkm_kmax,source_tol,volume_tol,mirror_pad_level,shift_x,shift_y,shift_z,pair_class
1,1,onsite,908.9285869581183,17.68665934002686,96.43221046308912,96.43221046308912,362946,362946,38.5208909415476,0.001,0.001,0,-0.0001706441672718202,-0.00020930157683450936,-7.501378889435335,onsite
1,2,nn,455.89623638466713,8.87103124534815,96.43221046308912,96.43397490093807,362946,362692,38.5208909415476,0.001,0.001,0,-0.0001706441672718202,-0.00020930157683450936,-7.501378889435335,in_plane
1,2,hund_sf,6.292991767413886,0.12245182596406448,96.43221046308912,96.43397490093807,335948,335948,38.5208909415476,0.001,0.001,0,-0.0001706441672718202,-0.00020930157683450936,-7.501378889435335,in_plane
1,2,hund_ph,6.292991767413886,0.12245182596406448,96.43221046308912,96.43397490093807,335948,335948,38.5208909415476,0.001,0.001,0,-0.0001706441672718202,-0.00020930157683450936,-7.501378889435335,in_plane
1,3,nn,209.43986660928894,4.0753713222629315,96.43221046308912,96.43403474689282,362946,362798,38.5208909415476,0.001,0.001,0,-0.0001706441672718202,-0.00020930157683450936,-7.501378889435335,inter_layer
1,3,hund_sf,0.02907047724374459,0.0005656658935171392,96.43221046308912,96.43403474689282,278637,278637,38.52089094154844,0.001,0.001,0,-0.0001706441672718202,-0.00020930157683450936,-7.501378889435335,inter_layer
1,3,hund_ph,0.02907047724374459,0.0005656658935171392,96.43221046308912,96.43403474689282,278637,278637,38.52089094154844,0.001,0.001,0,-0.0001706441672718202,-0.00020930157683450936,-7.501378889435335,inter_layer
1,4,nn,209.71292549628902,4.080472666011562,96.43221046308912,96.43904386580188,362946,369816,38.5208909415476,0.001,0.001,0,-0.0001706441672718202,-0.00020930157683450936,-7.501378889435335,inter_layer
1,4,hund_sf,0.048028797754051215,0.0009345165347010119,96.43221046308912,96.43904386580188,263553,263553,38.52089094154844,0.001,0.001,0,-0.0001706441672718202,-0.00020930157683450936,-7.501378889435335,inter_layer
1,4,hund_ph,0.048028797754051215,0.0009345165347010119,96.43221046308912,96.43904386580188,263553,263553,38.52089094154844,0.001,0.001,0,-0.0001706441672718202,-0.00020930157683450936,-7.501378889435335,inter_layer
2,2,onsite,910.6187251712288,17.718898983203374,96.43397490093807,96.43397490093807,362692,362692,38.5208909415476,0.001,0.001,0,-3.023471211134301e-7,-1.4231650267437965,-7.496315191848182,onsite
2,3,nn,231.68801564512893,4.508202921462672,96.43397490093807,96.43403474689282,362692,362798,38.5208909415476,0.001,0.001,0,-3.023471211134301e-7,-1.4231650267437965,-7.496315191848182,inter_layer
2,3,hund_sf,0.24985864720908257,0.00486176844393194,96.43397490093807,96.43403474689282,281166,281166,38.52089094154844,0.001,0.001,0,-3.023471211134301e-7,-1.4231650267437965,-7.496315191848182,inter_layer
2,3,hund_ph,0.24985864720908257,0.00486176844393194,96.43397490093807,96.43403474689282,281166,281166,38.52089094154844,0.001,0.001,0,-3.023471211134301e-7,-1.4231650267437965,-7.496315191848182,inter_layer
2,4,nn,209.44997350185722,4.075281732193691,96.43397490093807,96.43904386580188,362692,369816,38.5208909415476,0.001,0.001,0,-3.023471211134301e-7,-1.4231650267437965,-7.496315191848182,inter_layer
2,4,hund_sf,0.02906974840853021,0.0005656119820311139,96.43397490093807,96.43904386580188,278651,278651,38.52089094154844,0.001,0.001,0,-3.023471211134301e-7,-1.4231650267437965,-7.496315191848182,inter_layer
2,4,hund_ph,0.02906974840853021,0.0005656119820311139,96.43397490093807,96.43904386580188,278651,278651,38.52089094154844,0.001,0.001,0,-3.023471211134301e-7,-1.4231650267437965,-7.496315191848182,inter_layer
3,3,onsite,910.6091673116022,17.718691013443248,96.43403474689282,96.43403474689282,362798,362798,38.52089094154844,0.001,0.001,0,-2.993288594803558e-7,-1.4231680852349,-10.853683890366733,onsite
3,4,nn,455.90128144226634,8.870495325793467,96.43403474689282,96.43904386580188,362798,369816,38.52089094154844,0.001,0.001,0,-2.993288594803558e-7,-1.4231680852349,-10.853683890366733,in_plane
3,4,hund_sf,6.293076619776969,0.12244472435785629,96.43403474689282,96.43904386580188,336022,336022,38.52089094154844,0.001,0.001,0,-2.993288594803558e-7,-1.4231680852349,-10.853683890366733,in_plane
3,4,hund_ph,6.293076619776969,0.12244472435785629,96.43403474689282,96.43904386580188,336022,336022,38.52089094154844,0.001,0.001,0,-2.993288594803558e-7,-1.4231680852349,-10.853683890366733,in_plane
4,4,onsite,908.9489425321825,17.684549012651377,96.43904386580188,96.43904386580188,369816,369816,38.52089094154844,0.001,0.001,0,-1.2325002992783154,-0.7115838772103898,-10.848619985513785,onsite
