ns,num_thread,elapsed
100,1,0.00122057
200,1,0.00215209
400,1,0.0035274
800,1,0.00432676
1600,1,0.00768065
3200,1,0.0148169
6400,1,0.0340915
12800,1,0.0698904
25600,1,0.141482
51200,1,0.262791
102400,1,0.594845
204800,1,1.09112
409600,1,2.41693
100,2,0.000474234
200,2,0.000770366
400,2,0.00161278
800,2,0.00284264
1600,2,0.00558753
3200,2,0.00901851
6400,2,0.0204494
12800,2,0.0377763
25600,2,0.0854585
51200,2,0.155467
102400,2,0.355828
204800,2,0.653535
409600,2,1.47527
100,4,0.000430718
200,4,0.000595255
400,4,0.00111065
800,4,0.00197372
1600,4,0.00385451
3200,4,0.00577747
6400,4,0.0118201
12800,4,0.0217193
25600,4,0.0584629
51200,4,0.105679
102400,4,0.239661
204800,4,0.43482
409600,4,1.00125
100,8,0.000593191
200,8,0.000735648
400,8,0.00111155
800,8,0.00172479
1600,8,0.00326044
3200,8,0.00442446
6400,8,0.00865211
12800,8,0.0146627
25600,8,0.0353092
51200,8,0.0619632
102400,8,0.147826
204800,8,0.269061
409600,8,0.639505
100,16,0.000919882
200,16,0.00101965
400,16,0.00123069
800,16,0.00172784
1600,16,0.00261399
3200,16,0.00369744
6400,16,0.00680533
12800,16,0.0115841
25600,16,0.0262248
51200,16,0.0440852
102400,16,0.100616
204800,16,0.179721
409600,16,0.431441
100,32,0.581862
200,32,0.797253
400,32,0.188421
800,32,0.768297
1600,32,1.09945
3200,32,1.40194
6400,32,1.71608
12800,32,0.481726
25600,32,0.149441
51200,32,0.460668
102400,32,2.26506
204800,32,2.17883
409600,32,3.01854
