n_quad,n_adapt,L1_err,L2_err,Linf_err
1,1,0.06892002381833634,0.03446001190916817,0.017230005954584127
1,2,0.04203783785334321,0.0283820712407092,0.02004553589794328
1,4,0.01985769452425283,0.017102251003323896,0.023031702590325442
1,8,0.014290875730008113,0.009462557199394664,0.02395915426169526
1,16,0.013921767222805602,0.008708327637297446,0.02402067655267026
1,32,0.013920319769652944,0.008705241073075722,0.024020917811835574
2,1,0.00864089603705577,0.005018639791992516,0.003436984977590596
2,2,0.004322950664440731,0.0035346302798577303,0.003436365611404202
2,4,0.0011751904422021217,0.0017846079500082172,0.0035042934320543284
2,8,0.0003228416734719539,0.0004908169579652289,0.0035266269662277416
2,16,0.0002689127434281501,0.00021306114859598506,0.0035281122709694412
2,32,0.0002687019399129583,0.00021125428669616637,0.003528155893818441
4,1,0.0018571974528447958,0.001861465061071041,0.0022071531218970097
4,2,0.0009287725981371505,0.0013162538319597481,0.0022071493446221835
4,4,0.00023224539980663057,0.0006581249590003307,0.0022071096831374204
4,8,1.464256282585908e-5,0.00016453128814983232,0.0022070971824996732
4,16,1.9795088981915947e-7,1.028417053981948e-5,0.0022070963504776664
4,32,1.4130727206426194e-7,1.467646211485622e-7,0.002207233374624251
8,1,0.0009848706890839155,0.0018284627928288066,0.0040255992634652404
8,2,0.0004924353447868674,0.0012929184399564264,0.004025599263464685
8,4,0.00012310883620634167,0.0006464592199776001,0.004025599263444812
8,8,7.694302320063812e-6,0.00016161480499278988,0.004025599263398516
8,16,3.0055933597371677e-8,1.010092532635218e-5,0.004025599269367297
8,32,5.240319059941468e-13,3.9460693873029986e-8,0.004026020526069929
16,1,0.000296128077163785,0.0010689816460879768,0.004549067067098789
16,2,0.00014806403858233752,0.0007558841709133438,0.004549067067102341
16,4,3.701600964608428e-5,0.00037794208545671075,0.0045490670671027855
16,8,2.313500603436402e-6,9.448552136012617e-5,0.004549067066907275
16,16,9.037112337433752e-9,5.905345021712608e-6,0.004549067017045605
16,32,1.3857740295595167e-13,2.3061757089944788e-8,0.004547788515698925
32,1,7.870274114382317e-5,0.0005601191076737348,0.004689680377412575
32,2,3.935137057236057e-5,0.0003960640193092847,0.0046896803774250095
32,4,9.837842643733709e-6,0.00019803200965263078,0.004689680377377381
32,8,6.148651661561683e-7,4.950800241852461e-5,0.004689680377904515
32,16,2.4018179591207065e-9,3.094250144552235e-6,0.004689680368778593
32,32,3.7589583202662254e-14,1.2092987024242199e-8,0.0046919850432384225
