omp,level,N,nd,t_fmm
1,0,33696,1,0.61804
1,0,33696,4,1.21867
1,0,33696,16,2.60075
1,0,33696,36,4.81938
1,1,93312,1,3.75945
1,1,93312,4,7.49284
1,1,93312,16,15.78086
1,1,93312,36,29.21675
1,2,215136,1,4.41644
1,2,215136,4,8.40699
1,2,215136,16,18.98057
1,2,215136,36,36.34258
1,3,461376,1,10.11098
1,3,461376,4,22.43437
1,3,461376,16,40.44589
1,3,461376,36,67.18675
2,0,33696,1,0.49595
2,0,33696,4,0.81098
2,0,33696,16,1.83795
2,0,33696,36,3.57162
2,1,93312,1,3.06686
2,1,93312,4,5.02551
2,1,93312,16,11.26128
2,1,93312,36,22.17512
2,2,215136,1,3.37998
2,2,215136,4,5.66076
2,2,215136,16,13.70660
2,2,215136,36,27.36222
2,3,461376,1,9.38753
2,3,461376,4,14.25892
2,3,461376,16,26.94471
2,3,461376,36,47.51910
4,0,33696,1,0.25459
4,0,33696,4,0.41655
4,0,33696,16,0.95824
4,0,33696,36,1.86624
4,1,93312,1,1.56485
4,1,93312,4,2.57664
4,1,93312,16,5.86554
4,1,93312,36,11.55336
4,2,215136,1,1.75862
4,2,215136,4,2.92729
4,2,215136,16,7.22677
4,2,215136,36,14.51757
4,3,461376,1,4.78559
4,3,461376,4,7.24949
4,3,461376,16,13.80175
4,3,461376,36,24.50688
8,0,33696,1,0.09237
8,0,33696,4,0.17083
8,0,33696,16,0.35882
8,0,33696,36,0.66346
8,1,93312,1,0.54560
8,1,93312,4,1.06093
8,1,93312,16,2.24683
8,1,93312,36,4.21713
8,2,215136,1,0.63039
8,2,215136,4,1.15412
8,2,215136,16,2.57131
8,2,215136,36,4.94189
8,3,461376,1,1.38073
8,3,461376,4,2.93132
8,3,461376,16,5.31421
8,3,461376,36,8.90280
16,0,33696,1,0.07441
16,0,33696,4,0.12154
16,0,33696,16,0.28552
16,0,33696,36,0.55975
16,1,93312,1,0.42895
16,1,93312,4,0.73143
16,1,93312,16,1.74294
16,1,93312,36,3.50763
16,2,215136,1,0.47848
16,2,215136,4,0.80499
16,2,215136,16,2.01752
16,2,215136,36,4.09595
16,3,461376,1,1.26354
16,3,461376,4,1.91763
16,3,461376,16,3.72890
16,3,461376,36,6.73158
32,0,33696,1,0.03660
32,0,33696,4,0.06263
32,0,33696,16,0.13174
32,0,33696,36,0.24520
32,1,93312,1,0.17109
32,1,93312,4,0.33184
32,1,93312,16,0.73709
32,1,93312,36,1.42051
32,2,215136,1,0.19985
32,2,215136,4,0.35315
32,2,215136,16,0.81446
32,2,215136,36,1.55139
32,3,461376,1,0.41571
32,3,461376,4,0.83261
32,3,461376,16,1.54825
32,3,461376,36,2.61564
64,0,33696,1,0.02770
64,0,33696,4,0.04708
64,0,33696,16,0.09695
64,0,33696,36,0.17411
64,1,93312,1,0.10665
64,1,93312,4,0.20259
64,1,93312,16,0.45997
64,1,93312,36,0.90337
64,2,215136,1,0.12657
64,2,215136,4,0.22168
64,2,215136,16,0.52018
64,2,215136,36,0.99991
64,3,461376,1,0.24952
64,3,461376,4,0.47933
64,3,461376,16,0.92171
64,3,461376,36,1.57341
96,0,33696,1,0.02659
96,0,33696,4,0.04336
96,0,33696,16,0.09144
96,0,33696,36,0.20595
96,1,93312,1,0.09148
96,1,93312,4,0.16938
96,1,93312,16,0.38563
96,1,93312,36,0.79379
96,2,215136,1,0.11132
96,2,215136,4,0.19056
96,2,215136,16,0.45325
96,2,215136,36,0.87790
96,3,461376,1,0.20342
96,3,461376,4,0.36965
96,3,461376,16,0.72704
96,3,461376,36,1.29095
