system,eps,p,r,N,n_panels,niter,residual,n_near_pairs,n_adaptive_pairs,p_up_max,p_up_mean,corr_nnz,corr_mb,max_order,fmm_tol,tkm_kmax,hostname,nthreads,date,t_source,t_interface,t_rhs,t_fmm_setup,t_near,t_gmres,t_eval_inc,t_eval_sc,V,wall,tag
fig1_eps4.0_12.0_10.0,1.0e-6,8,6,11843840,185060,18,3.3297481299739975e-7,0,224144,0,0.0,867794944,13979.47,64,1.0e-6,149.39696492761684,worker7095,96,2026-07-31 11:54:24,0.03353095054626465,3.3897831439971924,12.179548978805542,0.31354498863220215,42.848109006881714,566.7617239952087,0.6800730228424072,24.530233144760132,0.05567811787696485,683.46,ref
fig1_eps4.0_12.0_10.0,0.0001,2,1,22976,5744,9,4.015385640812672e-5,168404,6928,64,3.094,2720064,43.7,64,0.0001,111.29891989407517,worker7095,96,2026-07-31 11:55:46,0.004392147064208984,0.9154038429260254,0.058654069900512695,0.0011599063873291016,0.8643660545349121,6.229375123977661,0.03877615928649902,73.44671297073364,0.05544761941878387,81.88,p2_r1
fig1_eps4.0_12.0_10.0,0.0001,2,2,45344,11336,9,9.872438237894102e-5,381256,13944,44,3.089,6097024,97.92,64,0.0001,111.29891989407517,worker7095,96,2026-07-31 11:57:14,0.006279945373535156,4.3209919929504395,0.09678292274475098,0.002763986587524414,1.4386827945709229,8.730094909667969,0.035421133041381836,72.60935997962952,0.055528120231007935,87.77,p2_r2
fig1_eps4.0_12.0_10.0,0.0001,2,3,91088,22772,10,7.338320224063674e-5,879308,27952,5,3.1,13946176,223.87,64,0.0001,111.29891989407517,worker7095,96,2026-07-31 11:58:44,0.006862163543701172,4.613937139511108,0.12977194786071777,0.002730846405029297,4.555099010467529,7.826012849807739,0.039621829986572266,72.78486204147339,0.055585032797971015,90.36,p2_r3
fig1_eps4.0_12.0_10.0,0.0001,2,4,183728,45932,11,5.988406786075513e-5,2015360,55952,4,3.114,31759616,509.62,64,0.0001,111.29891989407517,worker7095,96,2026-07-31 12:00:32,0.007117033004760742,7.968945026397705,0.19776296615600586,0.0106658935546875,8.65437912940979,12.474095106124878,0.03378891944885254,76.94457411766052,0.05561927148141355,107.51,p2_r4
fig1_eps4.0_12.0_10.0,0.0001,2,5,370256,92564,12,3.446588270386317e-5,4568128,112016,4,3.126,71631744,1149.07,64,0.0001,111.29891989407517,worker7095,96,2026-07-31 12:02:40,0.005632877349853516,4.843971014022827,0.5390739440917969,0.016643047332763672,19.134320974349976,26.589327096939087,0.029004812240600586,74.21441221237183,0.05564142473685962,128.2,p2_r5
fig1_eps4.0_12.0_10.0,0.0001,4,1,73664,4604,11,4.1275446134594545e-5,0,6896,0,0.0,1669120,27.3,64,0.0001,111.29891989407517,worker7095,96,2026-07-31 12:03:09,0.005085945129394531,3.528650999069214,0.09957385063171387,0.003306865692138672,0.2521200180053711,5.810157060623169,0.039208173751831055,18.152520895004272,0.055574559585288785,29.51,p4_r1
fig1_eps4.0_12.0_10.0,0.0001,4,2,163904,10244,11,7.253348169540723e-5,0,13904,0,0.0,3364864,55.15,64,0.0001,111.29891989407517,worker7095,96,2026-07-31 12:03:44,0.015876054763793945,4.419434070587158,0.265484094619751,0.004612922668457031,0.6199519634246826,7.649821996688843,0.023949861526489258,20.48343300819397,0.055615189698289935,34.34,p4_r2
fig1_eps4.0_12.0_10.0,0.0001,4,3,347840,21740,12,3.2240227733383024e-5,0,27920,0,0.0,6756352,110.88,64,0.0001,111.29891989407517,worker7095,96,2026-07-31 12:04:35,0.004806041717529297,2.678840160369873,0.5978350639343262,0.06856799125671387,1.5891411304473877,22.01629900932312,0.026382923126220703,21.506712913513184,0.05564068864365899,50.97,p4_r3
fig1_eps4.0_12.0_10.0,0.0001,4,4,719168,44948,12,5.322537170324628e-5,0,55952,0,0.0,13539328,222.38,64,0.0001,111.29891989407517,worker7095,96,2026-07-31 12:05:44,0.006221771240234375,2.9215359687805176,1.1394541263580322,0.043910980224609375,3.494879961013794,37.52275109291077,0.02379894256591797,21.942707061767578,0.05565621337799514,69.3,p4_r4
fig1_eps4.0_12.0_10.0,0.0001,4,5,1465280,91580,12,8.668289409291611e-5,0,112016,0,0.0,27105280,445.41,64,0.0001,111.29891989407517,worker7095,96,2026-07-31 12:07:27,0.004094839096069336,1.8323149681091309,1.8871850967407227,0.06104612350463867,7.707905054092407,66.41719913482666,0.03386497497558594,21.07001805305481,0.055665709732489535,103.4,p4_r5
fig1_eps4.0_12.0_10.0,0.0001,6,1,165744,4604,11,6.336926450047896e-5,0,6896,0,0.0,8449920,136.52,64,0.0001,111.29891989407517,worker7095,96,2026-07-31 12:07:52,0.004199981689453125,2.9950780868530273,1.3663430213928223,0.005468130111694336,0.8677170276641846,7.882519960403442,0.033187150955200195,10.620455026626587,0.055613634031953435,24.52,p6_r1
fig1_eps4.0_12.0_10.0,0.0001,6,2,368784,10244,12,2.9608694802620394e-5,0,13904,0,0.0,17034624,275.5,64,0.0001,111.29891989407517,worker7095,96,2026-07-31 12:08:25,0.007494926452636719,0.7405970096588135,0.8061840534210205,0.013805150985717773,1.4436659812927246,16.873788833618164,0.03285980224609375,10.616571187973022,0.05563973169616391,33.0,p6_r2
fig1_eps4.0_12.0_10.0,0.0001,6,3,782640,21740,12,4.721711843649535e-5,0,27920,0,0.0,34204032,553.53,64,0.0001,111.29891989407517,worker7095,96,2026-07-31 12:09:10,0.00406193733215332,1.6680619716644287,1.0000801086425781,0.056295156478881836,2.426698923110962,27.005443811416626,0.025115966796875,10.46479606628418,0.05565562271646504,44.39,p6_r3
fig1_eps4.0_12.0_10.0,0.0001,6,4,1618128,44948,12,7.486346763765233e-5,0,55952,0,0.0,68542848,1109.63,64,0.0001,111.29891989407517,worker7095,96,2026-07-31 12:10:28,0.005654096603393555,0.5530869960784912,1.989004135131836,0.04585695266723633,4.059267997741699,56.76802897453308,0.038414955139160156,10.673074007034302,0.055665315966776326,78.39,p6_r4
fig1_eps4.0_12.0_10.0,0.0001,6,5,3296880,91580,13,3.877695518344332e-5,0,112016,0,0.0,137220480,2221.9,64,0.0001,111.29891989407517,worker7095,96,2026-07-31 12:12:59,0.004002094268798828,4.121129989624023,3.5209717750549316,0.13205695152282715,8.154600858688354,114.44912385940552,0.03201913833618164,12.640891075134277,0.05567185539614179,151.07,p6_r5
