n_quad,n_edge,gi,n_val,n_iter,pot_abserr,pot_relerr
1,0,1.357628551663686,11,8,0.02356202831782752,0.5607852820840622
1,1,1.0544347881126257,44,11,0.0030266019991405033,0.08022744955289784
1,2,1.0032640826145713,176,12,0.0002153855362603263,0.005588511747093702
1,3,1.0046047118101047,572,12,0.0002797431816693244,0.006944163777768618
1,4,1.005175645986387,1496,13,0.000312313584961213,0.007845479298418613
1,5,1.0053900938044278,3476,14,0.00032473236399451627,0.008189013047304418
1,6,1.0055215530588772,7568,15,0.0003324135589204899,0.008382126335609315
1,7,1.005604924733396,15884,15,0.00033731651830306436,0.008499448662997029
1,8,1.0056555493290755,32648,15,0.00034030680152108417,0.008569272102002135
1,9,1.0056854803261281,66308,16,0.00034208010521409593,0.008610139475585187
1,10,1.0057027582295808,133760,16,0.00034310640470377324,0.008633618027104405
2,0,1.0433687499430229,44,12,0.0024653804591847697,0.0704773632814979
2,1,1.0347447186611187,176,13,0.002357667145980326,0.05209135677730533
2,2,1.022056674341849,704,13,0.0014339649355372408,0.03159531873647761
2,3,1.0114597963120227,2288,14,0.0007503528793213615,0.016530757301530207
2,4,1.005963932354209,5984,14,0.00039028531829617824,0.008596583942651044
2,5,1.0029821865084045,13904,15,0.00019290377458126146,0.004247711119243824
2,6,1.00133061614781,30272,15,8.283164198876619e-5,0.0018239398760582042
2,7,1.000406135252287,63536,16,2.0915155098763516e-5,0.00046054846291409456
2,8,0.9998856851575271,130592,16,1.715928730441213e-5,0.0005153786566489655
2,9,0.9995917539854869,265232,17,3.45974264405885e-5,0.0009136935504588557
2,10,0.9994254881072449,535040,17,4.5434960458161366e-5,0.0011410858713408558
3,0,1.112676392137723,99,14,0.007633687576320776,0.16860642273657164
3,1,1.0729114033751346,396,15,0.004762064240440289,0.10494888314152695
3,2,1.0392060772678184,1584,15,0.0025930351714348807,0.05713783929142414
3,3,1.0215647312412912,5148,15,0.0014318187728183315,0.03154679168739857
3,4,1.0120395019111266,13464,15,0.0007980211443027116,0.01758196116250508
3,5,1.0067739200707049,31284,16,0.0004454643894057364,0.009814501145597874
3,6,1.0038298294069838,68112,16,0.0002475045419741348,0.005453193494593527
3,7,1.002173452219703,142956,17,0.00013576029522906208,0.002991324566843445
3,8,1.0012382107085265,293832,17,7.24859714615958e-5,0.0015972954556119359
3,9,1.0007087993811008,596772,18,3.657728413961059e-5,0.0008061614172542436
3,10,1.0004089720727047,1203840,19,1.6189761441513795e-5,0.0003569795088970978
4,0,1.2102432595003074,176,15,0.013475734512252771,0.2977038979686844
4,1,1.094821341086179,704,15,0.006279720886259728,0.13840490772669695
4,2,1.0511646461201558,2816,16,0.003418255131968119,0.07532007775558504
4,3,1.028290771154551,9152,16,0.0018954031512870492,0.041760544556950475
4,4,1.0158217493756072,23936,16,0.0010587172816016316,0.023325600985498327
4,5,1.0089048800402125,55616,17,0.0005924522268598992,0.013052872930305767
4,6,1.0050308542160673,121088,17,0.0003304599457868637,0.007280745993590628
4,7,1.0028489227114519,254144,18,0.0001825080001541593,0.004021098020052088
4,8,1.0016160377404422,522368,19,9.870697993642069e-5,0.0021747858569910214
4,9,1.0009179134887103,1060928,19,5.11470541214587e-5,0.0011269245037309637
4,10,1.0005220632839813,2140160,20,2.412062481119831e-5,0.0005314564657837195
