p,d,t,ref_t,self_err
2,0.42264973081037416,2.080017263209669,2.2495275129869454,7.323031070427533e-13
4,0.13886368840594743,3.3706478547629355,4.384116933522927,1.4672707493446069e-12
6,0.06753048579684795,4.216518946159492,5.817008745869299,1.6431300764452317e-13
8,0.03971014350246371,4.8411533347597,6.877132186727518,2.0339285811132868e-13
10,0.026093471482828257,5.312691179986238,7.716427434565934,3.0109248427834245e-13
12,0.018439365753280756,5.684837030322583,8.410613619675097,1.0835776720341528e-12
14,0.013716191303187686,5.992960482270817,9.002342398696298,7.371880883511039e-13
16,0.010599065008350061,6.257628429108253,9.517918415519087,3.4283687000424834e-13
18,0.008434831579069102,6.490648641479167,9.97468529774963,1.6573409311604337e-12
20,0.006871400814905115,6.699192389908945,10.38467417822874,9.983125437429408e-13
22,0.005705414517600649,6.888001140595194,10.756569905296768,7.158540427099069e-11
24,0.004812780002978578,7.060467853249534,11.096845676181731,3.062258002728413e-9
26,0.0041142988543830805,7.219162099922986,11.41045470352131,5.7947026732563245e-8
28,0.003557502426045578,7.366099394814973,11.701270936621471,6.093174267363111e-7
30,0.003106515925350384,7.502894313182782,11.972379406693701,4.132473156559513e-6
32,0.00273613815051843,7.6308582613490366,12.226270808584903,2.0056217110209218e-5
34,0.002428246209158047,7.751067908065854,12.464971267706408,7.50618026330585e-5
36,0.0021695375159141994,7.864415777513283,12.690127236790286,0.00022885227461877378
38,0.0019500694643124206,7.971648656658462,12.903061259539236,0.0005922032874217109
40,0.0017622902894407488,8.0733970819213,13.10481214767988,0.0013417917580973437
42,0.0016003810099375348,8.1701980972798,13.296170131075872,0.002726468206244448
44,0.0014597993632258222,8.262512893769586,13.477713403993745,0.005061984786939533
46,0.0013369578661820425,8.350740553836816,13.649848266099877,0.00871431917056853
48,0.0012289927475738205,8.435228834444857,13.812851846307415,0.014074343333394523
50,0.001133595579928981,8.516282697295646,13.966914668970094,0.021528034260867912
52,0.0010488888960497045,8.59417111930686,14.112179940613254,0.0314266751653971
54,0.0009733331326590156,8.669132582491786,14.248776969889482,0.044060845913465485
56,0.0009056561985344436,8.741379541596505,14.376847117572254,0.059640840896557634
58,0.00084479959261341,8.811102092997817,14.496561740227818,0.07828483897165306
60,0.0007898767725639244,8.878471013209374,14.608132507293465,0.10001494910639508
62,0.000740140691222968,8.943640294816772,14.711815123033773,0.12476032693221839
64,0.0006949582642278296,9.006749277837308,14.8079078477115,0.15236596419039294
66,0.0006537901278220737,9.067924452430814,14.896746319554401,0.18260548264963639
68,0.0006161744702956051,9.1272809924273,14.978696093375234,0.21519625703776057
70,0.0005817140264241516,9.184924066725712,15.054144103906577,0.24981536899107049
72,0.0005500655470374038,9.240949966166767,15.123489996472872,0.28611517621022564
74,0.0005209312196704508,9.295447076186944,15.187137994510545,0.3237376024794649
76,0.0004940516378468818,9.348496719882446,15.245489725969863,0.3623265665528308
78,0.0004692000075762204,9.400173891628482,15.29893822662028,0.40153824192803356
80,0.00044617734836938094,9.45054789784362,15.347863183650414,0.44104906032582214
82,0.0004248084983473621,9.499682918633178,15.392627375391458,0.48056153627615217
84,0.0004049387730767906,9.547638501737374,15.433574195828559,0.5198081021745171
86,0.0003864311586740943,9.594469998338058,15.4710261170737,0.5585532100134554
88,0.0003691639437293226,9.640228948747376,15.505283930692167,0.5965939868053045
90,0.000353028713361514,9.684963424737234,15.536626612060573,0.6337597346960564
92,0.00033792864347548246,9.72871833423549,15.56531166476153,0.6699105517236852
94,0.0003237770449502353,9.771535693248689,15.59157581978698,0.7049353223159738
96,0.00031049611676925437,9.813454869157654,15.615635983900885,0.738749293056701
98,0.0002980158745090611,9.854512798930491,15.637690350723256,0.7712914135588651
100,0.0002862732265587198,9.894744185297627,15.657919605874874,0.8025215868058773
102,0.0002752111752424291,9.934181673508567,15.676488173046698,0.8324179405700161
104,0.00026477812391167976,9.972856010935441,15.693545461125867,0.8609742023372622
106,0.00025492727424247796,10.010796191483548,15.709227083377469,0.8881972351036733
108,0.0002456161005602864,10.048029586514781,15.723656028484227,0.9141047707714183
110,0.0002368058901467407,10.084582063769032,15.736943770138684,0.9387233612652821
112,0.00022846134022835862,10.12047809557735,15.749191307235629,0.9620865546092343
114,0.00022055020379896373,10.15574085751124,15.760490130722424,0.984233293687403
116,0.0002130429776280307,10.190392318458166,15.77092311611651,1.0052065285584106
118,0.00020591262680969002,10.22445332300635,15.780565342855077,1.0250520285810119
120,0.00019913434104112948,10.257943666914562,15.789484843059403,1.04381737795382
122,0.00019268531852079107,10.290882166349741,15.797743283293482,1.0615511367802348
124,0.00018654457394762236,10.323286721501347,15.805396583461265,1.0783021494576648
126,0.00018069276759680175,10.35517437511398,15.812495477275496,1.0941189825796815
128,0.00017511205286813158,10.3865613664132,15.819086018844597,1.1090494754338742
130,0.0001697859400620061,10.417463180858572,15.825210039835284,1.1231403873529935
132,0.00016469917443695525,10.447894596101111,15.830905561560389,1.1364371276158352
134,0.00015983762686311298,10.477869724490853,15.836207166079243,1.1489835550091225
136,0.00015518819560733643,10.507402052437683,15.841146330187028,1.1608218356458178
138,0.00015073871797188776,10.536504476904879,15.845751725842424,1.1719923490272226
140,0.00014647789067445682,10.565189339277385,15.850049490358376,1.1825336336690455
142,0.00014239519799352784,10.59346845683464,15.854063469349564,1.1924823647879297
144,0.00013848084682721584,10.621353152021564,15.85781543520634,1.2018733576682372
146,0.00013472570791372984,10.64885427970668,15.86132528356516,1.210739591309407
148,0.00013112126255576673,10.675982252585694,15.864611210048723,1.2191122477634213
150,0.00012765955426663478,10.702747064884457,15.867689869308066,1.2270207633990573
152,0.0001243331448268492,10.729158314492189,15.870576518172264,1.234492888902075
154,0.00012113507429467596,10.755225223651616,15.873285144590337,1.2415547554403723
156,0.0001180588245718317,10.780956658315336,15.875828583787518,1.2482309448791593
158,0.0001150982861666261,10.806361146270984,15.87821862301102,1.2545445623067621
160,0.00011224772783680059,10.8314468941278,15.880466096001095,1.2605173095314957
162,0.00010950176883262053,10.856221803249971,15.882580968270547,1.2661695584503736
164,0.00010685535348697872,10.880693484713223,15.884572414132634,1.2715204234358275
166,0.00010430372792868958,10.904869273356427,15.886448886327331,1.276587832111728
168,0.00010184241871968869,10.928756240993705,15.888218178984788,1.2813885940139702
170,9.946721323483843e-5,10.952361208844046,15.889887484629341,1.2859384668105598
172,9.717414162602189e-5,10.975690759236855,15.891463445809963,1.2902522197779103
174,9.49594602234205e-5,10.998751246640076,15.892952201890706,1.2943436944761633
176,9.281963624641065e-5,11.021548808061203,15.894359431512191,1.2982258624360608
178,9.075133370739508e-5,11.04408937285847,15.895690391129916,1.3019108798941605
180,8.875140040154328e-5,11.066378672009048,15.896949950029743,1.3054101395577788
182,8.681685588984855e-5,11.088422246859944,15.898142622163464,1.3087343194752759
184,8.494488038901515e-5,11.11022545740695,15.899272595118308,1.3118934290396282
186,8.313280449034899e-5,11.131793490123632,15.900343756494294,1.3148968522651856
188,8.137809963837395e-5,11.153131365373019,15.901359717941904,1.317753388411255
190,7.967836930544703e-5,11.174243944427722,15.902323837087414,1.3204712900808264
192,7.80313408051958e-5,11.195135936122643,15.903239237537575,1.3230582989017545
194,7.643485769093239e-5,11.215811903163763,15.904108827161032,1.3255216789155355
196,7.488687269452399e-5,11.236276268114976,15.904935314783648,1.32786824782257
198,7.338544115920165e-5,11.2565333190773,15.905721225479244,1.3301044061497542
200,7.192871493000297e-5,11.27658721508976,15.906468914546625,1.3322361645123024
202,7.051493666299091e-5,11.29644199125589,15.907180580330909,1.3342691690623774
204,6.914243452338376e-5,11.31610156362106,15.907858275966472,1.3362087252393628
206,6.780961724073276e-5,11.335569733810626,15.908503920153535,1.3380598199122957
208,6.651496949461322e-5,11.354850193446783,15.909119307051375,1.3398271420666337
210,6.525704760595996e-5,11.373946528352361,15.909706115372032,1.3415151020467988
212,6.403447551039942e-5,11.392862222554724,15.910265916727404,1.34312784955495
214,6.284594099381646e-5,11.411600662104991,15.9108001833262,1.3446692903830684
216,6.169019216972771e-5,11.430165138717195,15.911310295040781,1.3461431020586545
218,6.0566034181031014e-5,11.448558853241273,15.911797545935197,1.3475527483957492
220,5.9472326111476015e-5,11.46678491897815,15.912263150270652,1.3489014930806835
222,5.840797808898124e-5,11.484846364842229,15.912708248051617,1.3501924123449758
224,5.737194856980654e-5,11.502746138385795,15.913133910139077,1.3514284067806557
226,5.636324178959207e-5,11.520487108688295,15.913541142982803,1.3526122123451838
228,5.5380905369717404e-5,11.53807206911526,15.913930892984737,1.353746410661259
230,5.442402806843383e-5,11.555503739962184,15.914304050540334,1.3548334385958185
232,5.349173766733273e-5,11.572784770979435,15.914661453777697,1.355875597222738
234,5.258319898260311e-5,11.589917743792816,15.915003892020746,1.3568750601684663
236,5.1697611993972714e-5,11.606905174217733,15.915332108991818,1.3578338814298387
238,5.083421008322819e-5,11.623749514477568,15.915646805788668,1.3587540026486309
240,4.999225837432064e-5,11.640453155329936,15.91594864364154,1.3596372599246305
242,4.917105216950546e-5,11.657018428104653,15.916238246475062,1.3604853901777876
244,4.836991547374492e-5,11.67344760665576,15.91651620328065,1.361300037094356
246,4.758819960382077e-5,11.68974290923694,15.916783070329783,1.3620827566852487
248,4.6825281874496305e-5,11.705906500299857,15.917039373226466,1.362835022485367
250,4.608056435795316e-5,11.721940492218748,15.917285608817618,1.3635582304114742
252,4.535347271217294e-5,11.737846946950203,15.91752224697057,1.364253703327286
254,4.4643455073267724e-5,11.753627877624051,15.917749732231865,1.364922695287845
256,4.3949981007762595e-5,11.769285250072935,15.917968485366897,1.3655663955429223
