δ,p,t
0.01,2,2.9725110153998595
0.01,4,3.6857940842965933
0.01,6,4.362135452346741
0.01,8,4.925646058992058
0.01,10,5.3650412030846
0.01,12,5.716066072535957
0.01,14,6.008504616708317
0.01,16,6.260450573229086
0.01,18,6.482361936747398
0.01,20,6.680611959403505
0.01,22,6.859458250912312
0.01,24,7.021997261046721
0.01,26,7.170614963362733
0.01,28,7.307211671240695
0.01,30,7.433328671153114
0.01,32,7.550230349541212
0.01,34,7.658963388698053
0.01,36,7.7604018413028175
0.01,38,7.8552821479264345
0.01,40,7.944230450682309
0.01,42,8.027783884406325
0.01,44,8.106407173869504
0.01,46,8.180505605694519
0.01,48,8.250435221917424
0.01,50,8.316510892120117
0.01,52,8.379012764375757
0.01,54,8.43819147123742
0.01,56,8.49427237204384
0.01,58,8.547459041813912
0.01,60,8.597936164700414
0.01,62,8.645871951724454
0.01,64,8.691420174548107
0.01,66,8.734721886486193
0.01,68,8.77590688670229
0.01,70,8.81509497205391
0.01,72,8.852397012301461
0.01,74,8.887915877615468
0.01,76,8.921747242002551
0.01,78,8.95398028204791
0.01,80,8.98469828699189
0.01,82,9.013979193423381
0.01,84,9.041896055650644
0.01,86,9.068517460993545
0.01,88,9.093907897753427
0.01,90,9.118128082384178
0.01,92,9.141235251377212
0.01,94,9.163283422529535
0.01,96,9.184323629563346
0.01,98,9.204404133481855
0.01,100,9.223570613554797
0.01,102,9.241866340417085
0.01,104,9.259332333414012
0.01,106,9.276007504036132
0.01,108,9.291928787034442
0.01,110,9.307131260596416
0.01,112,9.32164825678003
0.01,114,9.335511463251736
0.01,116,9.348751017236035
0.01,118,9.361395592474816
0.01,120,9.373472479894296
0.01,122,9.385007662591466
0.01,124,9.396025885679132
0.01,126,9.406550721467315
0.01,128,9.416604630398748
0.01,130,9.426209018113449
0.01,132,9.435384288970914
0.01,134,9.44414989632615
0.01,136,9.452524389820049
0.01,138,9.460525459921062
0.01,140,9.468169979925706
0.01,142,9.475474045609879
0.01,144,9.4824530126979
0.01,146,9.489121532306049
0.01,148,9.495493584496169
0.01,150,9.501582510069229
0.01,152,9.507401040709498
0.01,154,9.512961327588416
0.01,156,9.518274968518925
0.01,158,9.523353033752347
0.01,160,9.528206090495454
0.01,162,9.53284422622304
0.01,164,9.537277070854556
0.01,166,9.541513817857348
0.01,168,9.545563244337023
0.01,170,9.549433730166701
0.01,172,9.553133276209103
0.01,174,9.556669521676902
0.01,176,9.56004976067636
0.01,178,9.563280957975842
0.01,180,9.566369764038745
0.01,182,9.569322529355375
0.01,184,9.572145318111058
0.01,186,9.57484392122114
0.01,188,9.577423868765107
0.01,190,9.579890441844496
0.01,192,9.582248683899556
0.01,194,9.584503411502586
0.01,196,9.586659224658192
0.01,198,9.588720516630126
0.01,200,9.590691483320072
0.01,202,9.592576132215827
0.01,204,9.594378290931632
0.01,206,9.596101615357925
0.01,208,9.597749597440119
0.01,210,9.599325572601614
0.01,212,9.60083272682795
0.01,214,9.60227410343052
0.01,216,9.60365260949848
0.01,218,9.604971022060543
0.01,220,9.606231993963366
0.01,222,9.607438059483579
0.01,224,9.608591639684553
0.01,226,9.609695047529007
0.01,228,9.610750492758493
0.01,230,9.611760086551921
0.01,232,9.612725845972056
0.01,234,9.613649698208569
0.01,236,9.61453348463038
0.01,238,9.615378964651118
0.01,240,9.616187819421443
0.01,242,9.616961655351648
0.01,244,9.617702007475502
0.01,246,9.61841034266044
0.01,248,9.6190880626725
0.01,250,9.619736507101495
0.01,252,9.620356956154195
0.01,254,9.620950633319962
0.01,256,9.62151870791618
0.02,2,2.9703790945302626
0.02,4,3.6801819568938536
0.02,6,4.351810826572535
0.02,8,4.908070258200812
0.02,10,5.337770182595839
0.02,12,5.677134443875702
0.02,14,5.956259990496724
0.02,16,6.193355407709746
0.02,18,6.398909695167459
0.02,20,6.579328556644781
0.02,22,6.738934876779245
0.02,24,6.880922186885568
0.02,26,7.007793310996287
0.02,28,7.121573504465391
0.02,30,7.223929435486575
0.02,32,7.316247513969418
0.02,34,7.399691769287844
0.02,36,7.47524877615748
0.02,38,7.54376284277188
0.02,40,7.605963409214322
0.02,42,7.662486229665972
0.02,44,7.7138897088731335
0.02,46,7.7606675509026255
0.02,48,7.803258648808564
0.02,50,7.842054925459462
0.02,52,7.877407649757863
0.02,54,7.909632606626024
0.02,56,7.939014391416994
0.02,58,7.9658100230742175
0.02,60,7.9902520175294205
0.02,62,8.01255102649058
0.02,64,8.032898121521692
0.02,66,8.051466785350975
0.02,68,8.068414659177634
0.02,70,8.083885084811667
0.02,72,8.098008472826198
0.02,74,8.110903521920822
0.02,76,8.122678309997434
0.02,78,8.133431273751413
0.02,80,8.143252090671272
0.02,82,8.152222475042215
0.02,84,8.16041689772944
0.02,86,8.167903238069115
0.02,88,8.174743375026237
0.02,90,8.180993723831293
0.02,92,8.18670572352729
0.02,94,8.191926280209238
0.02,96,8.196698170192326
0.02,98,8.201060406881304
0.02,100,8.205048574713699
0.02,102,8.208695133207273
0.02,104,8.212029693837222
0.02,106,8.215079272208156
0.02,108,8.21786851774746
0.02,110,8.220419922941588
0.02,112,8.222754013947466
0.02,114,8.224889524246102
0.02,116,8.226843552852003
0.02,118,8.228631708457092
0.02,120,8.230268240764346
0.02,122,8.231766160152867
0.02,124,8.233137346714884
0.02,126,8.23439264961305
0.02,128,8.235541977619825
0.02,130,8.236594381627567
0.02,132,8.237558129843265
0.02,134,8.238440776321797
0.02,136,8.239249223431747
0.02,138,8.239989778794708
0.02,140,8.24066820719103
0.02,142,8.241289777881045
0.02,144,8.241859307750557
0.02,146,8.242381200651979
0.02,148,8.242859483280943
0.02,150,8.24329783789641
0.02,152,8.243699632164585
0.02,154,8.244067946383707
0.02,156,8.244405598320318
0.02,158,8.244715165871542
0.02,160,8.244999007744456
0.02,162,8.245259282328048
0.02,164,8.24549796491936
0.02,166,8.245716863447766
0.02,168,8.245917632831196
0.02,170,8.246101788083559
0.02,172,8.246270716285599
0.02,174,8.246425687516403
0.02,176,8.246567864839541
0.02,178,8.246698313425329
0.02,180,8.246818008885818
0.02,182,8.246927844889662
0.02,184,8.247028640122737
0.02,186,8.247121144648995
0.02,188,8.247206045725411
0.02,190,8.247283973117641
0.02,192,8.247355503960886
0.02,194,8.247421167203992
0.02,196,8.247481447674383
0.02,198,8.247536789795635
0.02,200,8.247587600988563
0.02,202,8.247634254782362
0.02,204,8.247677093661057
0.02,206,8.247716431668804
0.02,208,8.247752556793253
0.02,210,8.247785733148158
0.02,212,8.247816202969675
0.02,214,8.247844188445647
0.02,216,8.247869893388808
0.02,218,8.247893504770131
0.02,220,8.247915194121973
0.02,222,8.247935118824136
0.02,224,8.247953423280208
0.02,226,8.247970239997308
0.02,228,8.247985690573072
0.02,230,8.247999886601193
0.02,232,8.248012930501218
0.02,234,8.248024916277803
0.02,236,8.248035930217638
0.02,238,8.248046051527986
0.02,240,8.248055352920876
0.02,242,8.24806390115048
0.02,244,8.248071757504121
0.02,246,8.24807897825314
0.02,248,8.24808561506636
0.02,250,8.248091715388961
0.02,252,8.248097322790194
0.02,254,8.248102477281211
0.02,256,8.248107215608597
0.03,2,2.9668325375398927
0.03,4,3.6708839119897814
0.03,6,4.334782952381168
0.03,8,4.879252658551931
0.03,10,5.293420578529318
0.03,12,5.6144754677241435
0.03,14,5.8731830705851085
0.03,16,6.088080785462379
0.03,18,6.269852282739734
0.03,20,6.425107923434256
0.03,22,6.558427633530985
0.03,24,6.673299410316087
0.03,26,6.772527840505873
0.03,28,6.858423146634231
0.03,30,6.932907319973198
0.03,32,6.997588524444706
0.03,34,7.0538199294539945
0.03,36,7.102747341819557
0.03,38,7.145347207419951
0.03,40,7.182456415177376
0.03,42,7.214795536319269
0.03,44,7.2429870858372185
0.03,46,7.267570126156642
0.03,48,7.2890121942705255
0.03,50,7.30771923103429
0.03,52,7.324043967431879
0.03,54,7.338293075751043
0.03,56,7.350733303861094
0.03,58,7.361596756799746
0.03,60,7.371085455806803
0.03,62,7.379375281333325
0.03,64,7.386619388634338
0.03,66,7.392951170204882
0.03,68,7.398486827615976
0.03,70,7.403327605742161
0.03,72,7.407561734551883
0.03,74,7.411266117198112
0.03,76,7.414507797798323
0.03,78,7.417345237790681
0.03,80,7.419829425916419
0.03,82,7.422004843582084
0.03,84,7.423910304506554
0.03,86,7.425579685085963
0.03,88,7.427042559764039
0.03,90,7.428324753828872
0.03,92,7.429448824433784
0.03,94,7.430434479227131
0.03,96,7.43129894074768
0.03,98,7.432057263673466
0.03,100,7.4327226110814255
0.03,102,7.433306495068394
0.03,104,7.433818986380015
0.03,106,7.4342688970852695
0.03,108,7.434663939803066
0.03,110,7.435010866528138
0.03,112,7.435315589701703
0.03,114,7.435583287827998
0.03,116,7.435818497634306
0.03,118,7.436025194511546
0.03,120,7.43620686274594
0.03,122,7.4363665568538915
0.03,124,7.436506955162943
0.03,126,7.4366304066313464
0.03,128,7.436738971771044
0.03,130,7.436834458426301
0.03,132,7.436918453063559
0.03,134,7.436992348142123
0.03,136,7.43705736606335
0.03,138,7.4371145801310385
0.03,140,7.437164932901368
0.03,142,7.437209252250373
0.03,144,7.437248265446645
0.03,146,7.437282611480496
0.03,148,7.437312851866929
0.03,150,7.437339480114242
0.03,152,7.437362930024788
0.03,154,7.437383582972907
0.03,156,7.437401774288504
0.03,158,7.437417798855992
0.03,160,7.437431916027235
0.03,162,7.437444353932264
0.03,164,7.437455313263227
0.03,166,7.437464970596022
0.03,168,7.437473481306647
0.03,170,7.437480982132392
0.03,172,7.4374875934213565
0.03,174,7.437493421108171
0.03,176,7.437498558450668
0.03,178,7.437503087555195
0.03,180,7.437507080717194
0.03,182,7.437510601600562
0.03,184,7.437513706272592
0.03,186,7.437516444115884
0.03,188,7.437518858629034
0.03,190,7.437520988131128
0.03,192,7.437522866381503
0.03,194,7.437524523125011
0.03,196,7.437525984571045
0.03,198,7.437527273816452
0.03,200,7.437528411216141
0.03,202,7.437529414710225
0.03,204,7.437530300111776
0.03,206,7.437531081359795
0.03,208,7.437531770742442
0.03,210,7.4375323790933425
0.03,212,7.43753291596409
0.03,214,7.437533389776862
0.03,216,7.437533807958608
0.03,218,7.437534177058367
0.03,220,7.43753450285208
0.03,222,7.437534790433991
0.03,224,7.437535044297354
0.03,226,7.4375352684053775
0.03,228,7.43753546625426
0.03,230,7.437535640928296
0.03,232,7.437535795148503
0.03,234,7.437535931315449
0.03,236,7.437536051547468
0.03,238,7.437536157713388
0.03,240,7.437536251462448
0.03,242,7.437536334250256
0.03,244,7.437536407360866
0.03,246,7.437536471928037
0.03,248,7.437536528952238
0.03,250,7.437536579316331
0.03,252,7.437536623799784
0.03,254,7.437536663090576
0.03,256,7.437536697796022
0.04,2,2.961881263950424
0.04,4,3.657981783459533
0.04,6,4.311312745085089
0.04,8,4.83987091322773
0.04,10,5.23352783082983
0.04,12,5.531099949228917
0.04,14,5.764484952258928
0.04,16,5.952822488688492
0.04,18,6.1071914326641545
0.04,20,6.234594105515339
0.04,22,6.340037916300954
0.04,24,6.42743298863179
0.04,26,6.499952609908485
0.04,28,6.56019673645015
0.04,30,6.610295523661192
0.04,32,6.6519939483136925
0.04,34,6.68672441663835
0.04,36,6.7156668632626815
0.04,38,6.7397966584183475
0.04,40,6.759922205187482
0.04,42,6.7767146077103755
0.04,44,6.79073146702967
0.04,46,6.802436283167525
0.04,48,6.812214448931873
0.04,50,6.8203865019570875
0.04,52,6.8272191210678885
0.04,54,6.832934250860484
0.04,56,6.8377166715767
0.04,58,6.841720279287407
0.04,60,6.845073297208462
0.04,62,6.847882601219902
0.04,64,6.850237311006264
0.04,66,6.85221177209752
0.04,68,6.8538680325955985
0.04,70,6.855257900661722
0.04,72,6.856424654177635
0.04,74,6.857404461826336
0.04,76,6.858227564725423
0.04,78,6.858919259348058
0.04,80,6.859500715497342
0.04,82,6.859989657320721
0.04,84,6.8604009305628075
0.04,86,6.860746975288313
0.04,88,6.86103822002196
0.04,90,6.8612834105323
0.04,92,6.861489884233791
0.04,94,6.8616637993156715
0.04,96,6.8618103261623205
0.04,98,6.8619338073489144
0.04,100,6.862037891434926
0.04,102,6.862125644900084
0.04,104,6.862199645835849
0.04,106,6.8622620624022606
0.04,108,6.862314718554834
0.04,110,6.862359149131771
0.04,112,6.862396646042042
0.04,114,6.8624282970070105
0.04,116,6.8624550180699
0.04,118,6.862477580884838
0.04,120,6.8624966356320085
0.04,122,6.862512730267657
0.04,124,6.862526326699199
0.04,126,6.862537814382441
0.04,128,6.862547521754114
0.04,130,6.862555725847923
0.04,132,6.862562660385019
0.04,134,6.862568522582807
0.04,136,6.86257347888602
0.04,138,6.862577669793475
0.04,140,6.86258121392239
0.04,142,6.862584211432672
0.04,144,6.862586746912542
0.04,146,6.8625888918100895
0.04,148,6.862590706483886
0.04,150,6.8625922419312095
0.04,152,6.862593541245982
0.04,154,6.862594640848704
0.04,156,6.8625955715237525
0.04,158,6.862596359294854
0.04,160,6.862597026164238
0.04,162,6.862597590736023
0.04,164,6.86259806874317
0.04,166,6.862598473491729
0.04,168,6.862598816236847
0.04,170,6.8625991064994745
0.04,172,6.862599352334956
0.04,174,6.862599560558769
0.04,176,6.8625997369380025
0.04,178,6.8625998863535855
0.04,180,6.8626000129361815
0.04,182,6.862600120182471
0.04,184,6.862600211052225
0.04,186,6.8626002880510715
0.04,188,6.862600353300472
0.04,190,6.862600408596728
0.04,192,6.86260045546108
0.04,194,6.862600495181488
0.04,196,6.862600528848996
0.04,198,6.862600557387557
0.04,200,6.862600581579984
0.04,202,6.862600602089076
0.04,204,6.862600619476786
0.04,206,6.862600634218805
0.04,208,6.862600646718254
0.04,210,6.862600657317062
0.04,212,6.862600666304479
0.04,214,6.862600673925899
0.04,216,6.862600680389295
0.04,218,6.862600685870857
0.04,220,6.8626006905199155
0.04,222,6.862600694463151
0.04,224,6.862600697807691
0.04,226,6.8626007006447995
0.04,228,6.862600703051439
0.04,230,6.862600705093033
0.04,232,6.862600706824992
0.04,234,6.86260070829433
0.04,236,6.8626007095410735
0.04,238,6.862600710598754
0.04,240,6.862600711496161
0.04,242,6.8626007122576285
0.04,244,6.862600712903845
0.04,246,6.862600713452071
0.04,248,6.862600713917433
0.04,250,6.862600714312275
0.04,252,6.862600714647397
0.04,254,6.8626007149318085
0.04,256,6.862600715173206
0.05,2,2.9555390673517152
0.05,4,3.6415873701149946
0.05,6,4.28174864694267
0.05,8,4.790808002012019
0.05,10,5.16002988264175
0.05,12,5.430652692023089
0.05,14,5.6361674327103914
0.05,16,5.796512091898388
0.05,18,5.923257505099371
0.05,20,6.023859405274639
0.05,22,6.103763283662843
0.05,24,6.1672376201143075
0.05,26,6.217689319427295
0.05,28,6.2578265095953185
0.05,30,6.289788384229656
0.05,32,6.315261344379429
0.05,34,6.335576993249848
0.05,36,6.351789659724188
0.05,38,6.3647359313037155
0.05,40,6.375080400504017
0.05,42,6.3833513065572145
0.05,44,6.389968652534618
0.05,46,6.395266516690351
0.05,48,6.399510771163255
0.05,50,6.40291313863158
0.05,52,6.405642333795377
0.05,54,6.407832892648786
0.05,56,6.4095921717609565
0.05,58,6.411005899872042
0.05,60,6.412142583779675
0.05,62,6.413057006998004
0.05,64,6.413793009699519
0.05,66,6.41438569904544
0.05,68,6.414863207870958
0.05,70,6.415248095060854
0.05,72,6.415558461476512
0.05,74,6.415808839905952
0.05,76,6.416010905350665
0.05,78,6.416174042357792
0.05,80,6.416305798513543
0.05,82,6.416412247210245
0.05,84,6.416498278048121
0.05,86,6.4165678294712185
0.05,88,6.416624075254191
0.05,90,6.41666957409361
0.05,92,6.416706389678488
0.05,94,6.416736187123937
0.05,96,6.4167603104671525
0.05,98,6.416779844977614
0.05,100,6.416795667285644
0.05,102,6.416808485730026
0.05,104,6.416818872849776
0.05,106,6.416827291561325
0.05,108,6.4168341162575615
0.05,110,6.416839649821786
0.05,112,6.41684413735232
0.05,114,6.41684777723798
0.05,116,6.416850730100109
0.05,118,6.41685312601291
0.05,120,6.416855070337473
0.05,122,6.416856648435648
0.05,124,6.416857929480999
0.05,126,6.416858969540268
0.05,128,6.416859814065492
0.05,130,6.416860499910888
0.05,132,6.41686105696448
0.05,134,6.416861509469232
0.05,136,6.416861877092361
0.05,138,6.416862175792019
0.05,140,6.416862418518373
0.05,142,6.416862615782506
0.05,144,6.416862776116975
0.05,146,6.416862906449329
0.05,148,6.41686301240438
0.05,150,6.416863098550445
0.05,152,6.416863168597813
0.05,154,6.4168632255601645
0.05,156,6.416863271886281
0.05,158,6.4168633095656356
0.05,160,6.416863340214655
0.05,162,6.4168633651473135
0.05,164,6.416863385431459
0.05,166,6.416863401935051
0.05,168,6.416863415363827
0.05,170,6.416863426291493
0.05,172,6.416863435184596
0.05,174,6.4168634424224065
0.05,176,6.416863448313466
0.05,178,6.4168634531087205
0.05,180,6.416863457012277
0.05,182,6.416863460190053
0.05,184,6.416863462777299
0.05,186,6.416863464883839
0.05,188,6.416863466599109
0.05,190,6.416863467995889
0.05,192,6.41686346913334
0.05,194,6.416863470059651
0.05,196,6.416863470814082
0.05,198,6.416863471428549
0.05,200,6.416863471929067
0.05,202,6.416863472336766
0.05,204,6.4168634726689255
0.05,206,6.416863472939498
0.05,208,6.41686347315991
0.05,210,6.416863473339497
0.05,212,6.416863473485942
0.05,214,6.41686347360515
0.05,216,6.416863473702316
0.05,218,6.416863473781467
0.05,220,6.416863473845962
0.05,222,6.416863473898576
0.05,224,6.41686347394142
0.05,226,6.416863473976359
0.05,228,6.416863474004769
0.05,230,6.416863474028083
0.05,232,6.416863474046915
0.05,234,6.416863474062406
0.05,236,6.416863474074946
0.05,238,6.41686347408519
0.05,240,6.416863474093568
0.05,242,6.416863474100421
0.05,244,6.4168634741060115
0.05,246,6.416863474110494
0.05,248,6.416863474114086
0.05,250,6.416863474117135
0.05,252,6.416863474119595
0.05,254,6.4168634741215795
0.05,256,6.416863474123212
0.06,2,2.94782352303352
0.06,4,3.621839816166716
0.06,6,4.246511613757127
0.06,8,4.733097321384948
0.06,10,5.0751032173060535
0.06,12,5.317012934647443
0.06,14,5.494226760933345
0.06,16,5.62747869683104
0.06,18,5.728746363055889
0.06,20,5.805830356322602
0.06,22,5.864454672806657
0.06,24,5.909027339624849
0.06,26,5.942941416460915
0.06,28,5.968776903998284
0.06,30,5.98848172061363
0.06,32,6.0035261669986655
0.06,34,6.015023091567536
0.06,36,6.02381695712736
0.06,38,6.030549487698248
0.06,40,6.0357086943085
0.06,42,6.039665921253046
0.06,44,6.042703958642837
0.06,46,6.045038365900699
0.06,48,6.046833625772627
0.06,50,6.048215378662894
0.06,52,6.049279694463707
0.06,54,6.050100106710889
0.06,56,6.050732955063398
0.06,58,6.051221447327565
0.06,60,6.051598751230479
0.06,62,6.051890350268616
0.06,64,6.052115840798746
0.06,66,6.052290304421572
0.06,68,6.052425357176795
0.06,70,6.052529952512725
0.06,72,6.052610996446304
0.06,74,6.052673819307272
0.06,76,6.052722537844537
0.06,78,6.052760333426609
0.06,80,6.052789665963082
0.06,82,6.0528124385330475
0.06,84,6.052830124177103
0.06,86,6.052843863621544
0.06,88,6.052854540650273
0.06,90,6.052862840275792
0.06,92,6.052869293662901
0.06,94,6.052874312842208
0.06,96,6.052878217549211
0.06,98,6.052881255986048
0.06,100,6.052883620890349
0.06,102,6.052885461977498
0.06,104,6.052886895579448
0.06,106,6.0528880121151944
0.06,108,6.0528888818821605
0.06,110,6.052889559549054
0.06,112,6.052890087640873
0.06,114,6.052890499244865
0.06,116,6.052890820110924
0.06,118,6.0528910702835015
0.06,120,6.0528912653687375
0.06,122,6.052891417520057
0.06,124,6.052891536203883
0.06,126,6.052891628795054
0.06,128,6.052891701040032
0.06,130,6.052891757417313
0.06,132,6.05289180141775
0.06,134,6.052891835762829
0.06,136,6.052891862574513
0.06,138,6.05289188350775
0.06,140,6.0528918998532815
0.06,142,6.052891912617832
0.06,144,6.0528919225872
0.06,146,6.052891930374058
0.06,148,6.052891936457111
0.06,150,6.0528919412093405
0.06,152,6.052891944922475
0.06,154,6.052891947823903
0.06,156,6.052891950091198
0.06,158,6.052891951863232
0.06,160,6.052891953248301
0.06,162,6.052891954330889
0.06,164,6.052891955177232
0.06,166,6.052891955838912
0.06,168,6.052891956356294
0.06,170,6.052891956760742
0.06,172,6.052891957077097
0.06,174,6.052891957324459
0.06,176,6.052891957517966
0.06,178,6.052891957669242
0.06,180,6.052891957787651
0.06,182,6.0528919578802105
0.06,184,6.052891957952655
0.06,186,6.052891958009309
0.06,188,6.052891958053648
0.06,190,6.05289195808827
0.06,192,6.052891958115448
0.06,194,6.0528919581366845
0.06,196,6.052891958153357
0.06,198,6.052891958166309
0.06,200,6.0528919581765575
0.06,202,6.052891958184493
0.06,204,6.0528919581907195
0.06,206,6.052891958195654
0.06,208,6.052891958199506
0.06,210,6.052891958202436
0.06,212,6.05289195820477
0.06,214,6.052891958206618
0.06,216,6.052891958208025
0.06,218,6.052891958209193
0.06,220,6.052891958210022
0.06,222,6.052891958210715
0.06,224,6.052891958211322
0.06,226,6.052891958211656
0.06,228,6.052891958212031
0.06,230,6.052891958212241
0.06,232,6.052891958212499
0.06,234,6.052891958212677
0.06,236,6.0528919582128236
0.06,238,6.052891958212825
0.06,240,6.052891958212947
0.06,242,6.052891958213053
0.06,244,6.052891958213071
0.06,246,6.052891958213152
0.06,248,6.052891958213141
0.06,250,6.052891958213165
0.06,252,6.052891958213153
0.06,254,6.052891958213211
0.06,256,6.052891958213226
0.07,2,2.9387558711570616
0.07,4,3.59890244441469
0.07,6,4.206078123233442
0.07,8,4.667864821639961
0.07,10,4.981004045321447
0.07,12,5.1939502202150445
0.07,14,5.344069166254845
0.07,16,5.452653121853928
0.07,18,5.531843777102336
0.07,20,5.589561724846696
0.07,22,5.631559342044278
0.07,24,5.662120289396894
0.07,26,5.684390194698878
0.07,28,5.70064614353017
0.07,30,5.712530074099408
0.07,32,5.721229102654581
0.07,34,5.72760458867481
0.07,36,5.73228289675282
0.07,38,5.735720031455029
0.07,40,5.73824829834131
0.07,42,5.740110151557341
0.07,44,5.741482734882385
0.07,46,5.742495660015213
0.07,48,5.743243892406179
0.07,50,5.743797104843962
0.07,52,5.744206478668862
0.07,54,5.7445096570913
0.07,56,5.744734358159742
0.07,58,5.7449010139646965
0.07,60,5.745024701332564
0.07,62,5.745116556218489
0.07,64,5.74518481127757
0.07,66,5.745235557993253
0.07,68,5.745273307170786
0.07,70,5.745301401618757
0.07,72,5.7453223203302874
0.07,74,5.745337902919926
0.07,76,5.745349515381701
0.07,78,5.745358172619752
0.07,80,5.7453646291019895
0.07,82,5.74536944598252
0.07,84,5.745373040838222
0.07,86,5.745375724548397
0.07,88,5.7453777286591485
0.07,90,5.745379225699866
0.07,92,5.745380344275897
0.07,94,5.745381180287064
0.07,96,5.745381805270208
0.07,98,5.745382272606375
0.07,100,5.745382622141612
0.07,102,5.745382883627913
0.07,104,5.745383079286645
0.07,106,5.745383225719446
0.07,108,5.745383335332649
0.07,110,5.74538341739982
0.07,112,5.745383478854494
0.07,114,5.7453835248818805
0.07,116,5.745383559360638
0.07,118,5.745383585192551
0.07,120,5.745383604549239
0.07,122,5.745383619055925
0.07,124,5.745383629929594
0.07,126,5.7453836380811225
0.07,128,5.745383644192856
0.07,130,5.745383648775746
0.07,132,5.745383652212825
0.07,134,5.745383654790742
0.07,136,5.745383656724614
0.07,138,5.745383658175402
0.07,140,5.745383659263969
0.07,142,5.745383660080851
0.07,144,5.745383660693876
0.07,146,5.745383661154008
0.07,148,5.745383661499431
0.07,150,5.745383661758676
0.07,152,5.745383661953398
0.07,154,5.745383662099545
0.07,156,5.745383662209221
0.07,158,5.745383662291753
0.07,160,5.745383662353617
0.07,162,5.745383662400146
0.07,164,5.74538366243501
0.07,166,5.745383662461253
0.07,168,5.745383662481025
0.07,170,5.7453836624958035
0.07,172,5.745383662506926
0.07,174,5.7453836625152706
0.07,176,5.745383662521545
0.07,178,5.745383662526343
0.07,180,5.745383662529855
0.07,182,5.745383662532521
0.07,184,5.7453836625344605
0.07,186,5.745383662536038
0.07,188,5.745383662537124
0.07,190,5.745383662537993
0.07,192,5.7453836625386465
0.07,194,5.745383662539136
0.07,196,5.745383662539473
0.07,198,5.7453836625397905
0.07,200,5.745383662539999
0.07,202,5.745383662540075
0.07,204,5.7453836625401955
0.07,206,5.745383662540326
0.07,208,5.745383662540407
0.07,210,5.745383662540463
0.07,212,5.74538366254054
0.07,214,5.745383662540511
0.07,216,5.745383662540493
0.07,218,5.745383662540513
0.07,220,5.745383662540539
0.07,222,5.7453836625406005
0.07,224,5.74538366254064
0.07,226,5.745383662540554
0.07,228,5.745383662540574
0.07,230,5.745383662540608
0.07,232,5.745383662540578
0.07,234,5.745383662540619
0.07,236,5.7453836625406005
0.07,238,5.745383662540612
0.07,240,5.745383662540588
0.07,242,5.745383662540631
0.07,244,5.7453836625405765
0.07,246,5.745383662540602
0.07,248,5.745383662540631
0.07,250,5.745383662540586
0.07,252,5.745383662540574
0.07,254,5.745383662540625
0.07,256,5.74538366254058
0.08,2,2.928360876863829
0.08,4,3.5729591736905766
0.08,6,4.1609624857436325
0.08,8,4.596273930905962
0.08,10,4.879932976653729
0.08,12,5.064876659602273
0.08,14,5.190188323513694
0.08,16,5.2772976466104815
0.08,18,5.338195712856573
0.08,20,5.380665150414973
0.08,22,5.410233569534274
0.08,24,5.430840605878424
0.08,26,5.445234342831928
0.08,28,5.4553098430713876
0.08,30,5.462375085878802
0.08,32,5.467337226739829
0.08,34,5.4708276388847725
0.08,36,5.473286546647725
0.08,38,5.475021311468405
0.08,40,5.476246871161568
0.08,42,5.477113801542034
0.08,44,5.477727778953384
0.08,46,5.4781630942330395
0.08,48,5.478472056624102
0.08,50,5.478691552428076
0.08,52,5.478847628565132
0.08,54,5.478958701806558
0.08,56,5.479037809763755
0.08,58,5.479094192462163
0.08,60,5.479134405380048
0.08,62,5.479163103946535
0.08,64,5.479183597259315
0.08,66,5.47919823942856
0.08,68,5.4792087065016375
0.08,70,5.479216192645609
0.08,72,5.479221549277437
0.08,74,5.479225383830424
0.08,76,5.4792281299315455
0.08,78,5.479230097308125
0.08,80,5.479231507306829
0.08,82,5.479232518192355
0.08,84,5.4792332431782595
0.08,86,5.479233763287412
0.08,88,5.479234136529056
0.08,90,5.479234404452219
0.08,92,5.479234596827543
0.08,94,5.479234734993739
0.08,96,5.479234834251177
0.08,98,5.479234905573891
0.08,100,5.479234956835578
0.08,102,5.479234993686838
0.08,104,5.479235020184268
0.08,106,5.479235039240777
0.08,108,5.479235052948528
0.08,110,5.479235062810727
0.08,112,5.4792350699074275
0.08,114,5.479235075015009
0.08,116,5.479235078691584
0.08,118,5.479235081338571
0.08,120,5.47923508324452
0.08,122,5.479235084617176
0.08,124,5.4792350856058025
0.08,126,5.479235086318024
0.08,128,5.479235086831132
0.08,130,5.479235087200882
0.08,132,5.479235087467357
0.08,134,5.479235087659423
0.08,136,5.479235087797827
0.08,138,5.4792350878976075
0.08,140,5.479235087969587
0.08,142,5.479235088021442
0.08,144,5.479235088058849
0.08,146,5.479235088085879
0.08,148,5.479235088105348
0.08,150,5.4792350881194
0.08,152,5.479235088129543
0.08,154,5.479235088136833
0.08,156,5.479235088142091
0.08,158,5.479235088145932
0.08,160,5.479235088148714
0.08,162,5.47923508815067
0.08,164,5.479235088152029
0.08,166,5.479235088153121
0.08,168,5.479235088153834
0.08,170,5.479235088154449
0.08,172,5.479235088154827
0.08,174,5.479235088155103
0.08,176,5.479235088155271
0.08,178,5.479235088155429
0.08,180,5.479235088155555
0.08,182,5.4792350881556295
0.08,184,5.479235088155676
0.08,186,5.479235088155705
0.08,188,5.479235088155739
0.08,190,5.479235088155744
0.08,192,5.479235088155835
0.08,194,5.479235088155783
0.08,196,5.479235088155796
0.08,198,5.47923508815578
0.08,200,5.479235088155732
0.08,202,5.479235088155788
0.08,204,5.479235088155833
0.08,206,5.479235088155709
0.08,208,5.4792350881558685
0.08,210,5.479235088155811
0.08,212,5.479235088155823
0.08,214,5.479235088155777
0.08,216,5.479235088155767
0.08,218,5.479235088155786
0.08,220,5.479235088155781
0.08,222,5.4792350881557
0.08,224,5.479235088155824
0.08,226,5.479235088155754
0.08,228,5.479235088155768
0.08,230,5.479235088155803
0.08,232,5.479235088155809
0.08,234,5.479235088155761
0.08,236,5.479235088155767
0.08,238,5.4792350881558125
0.08,240,5.479235088155801
0.08,242,5.4792350881557885
0.08,244,5.4792350881558205
0.08,246,5.479235088155803
0.08,248,5.479235088155771
0.08,250,5.479235088155825
0.08,252,5.479235088155827
0.08,254,5.479235088155774
0.08,256,5.479235088155771
0.09,2,2.9166666689749263
0.09,4,3.544210662191402
0.09,6,4.1116996335826705
0.09,8,4.519477526531105
0.09,10,4.773933171547038
0.09,12,4.932704384621728
0.09,14,5.036070380271957
0.09,16,5.105096366997162
0.09,18,5.151322461143557
0.09,20,5.182163885508612
0.09,22,5.202722267674719
0.09,24,5.216456960749797
0.09,26,5.225660064148796
0.09,28,5.2318417639288
0.09,30,5.236002217143957
0.09,32,5.238807472526466
0.09,34,5.240702380498165
0.09,36,5.241984576125775
0.09,38,5.242853572977129
0.09,40,5.243443399476572
0.09,42,5.243844286344756
0.09,44,5.244117099351902
0.09,46,5.244302970423518
0.09,48,5.244429742322934
0.09,50,5.244516291494796
0.09,52,5.24457543391491
0.09,54,5.24461588238681
0.09,56,5.244643567441022
0.09,58,5.244662530341414
0.09,60,5.244675527799821
0.09,62,5.244684442086397
0.09,64,5.244690559548052
0.09,66,5.244694760000529
0.09,68,5.244697645667137
0.09,70,5.244699629056195
0.09,72,5.244700992913404
0.09,74,5.2447019311616
0.09,76,5.244702576881237
0.09,78,5.2447030214490455
0.09,80,5.244703327638943
0.09,82,5.244703538596204
0.09,84,5.244703683988459
0.09,86,5.244703784224563
0.09,88,5.2447038533497325
0.09,90,5.244703901033737
0.09,92,5.244703933936051
0.09,94,5.244703956644738
0.09,96,5.244703972321906
0.09,98,5.244703983147301
0.09,100,5.244703990624141
0.09,102,5.2447039957894015
0.09,104,5.244703999358419
0.09,106,5.244704001825004
0.09,108,5.244704003530032
0.09,110,5.244704004708887
0.09,112,5.244704005524
0.09,114,5.2447040060877725
0.09,116,5.244704006477775
0.09,118,5.2447040067475355
0.09,120,5.244704006934263
0.09,122,5.244704007063467
0.09,124,5.244704007152883
0.09,126,5.244704007214767
0.09,128,5.244704007257651
0.09,130,5.244704007287294
0.09,132,5.244704007307871
0.09,134,5.2447040073221
0.09,136,5.244704007331989
0.09,138,5.2447040073388465
0.09,140,5.24470400734352
0.09,142,5.244704007346839
0.09,144,5.244704007349122
0.09,146,5.244704007350649
0.09,148,5.244704007351708
0.09,150,5.244704007352502
0.09,152,5.244704007353011
0.09,154,5.244704007353421
0.09,156,5.244704007353644
0.09,158,5.244704007353776
0.09,160,5.244704007353921
0.09,162,5.244704007354033
0.09,164,5.244704007354103
0.09,166,5.244704007354123
0.09,168,5.244704007354137
0.09,170,5.244704007354199
0.09,172,5.244704007354175
0.09,174,5.244704007354226
0.09,176,5.24470400735425
0.09,178,5.244704007354197
0.09,180,5.244704007354238
0.09,182,5.24470400735426
0.09,184,5.2447040073541915
0.09,186,5.2447040073542315
0.09,188,5.244704007354224
0.09,190,5.244704007354241
0.09,192,5.2447040073541915
0.09,194,5.244704007354176
0.09,196,5.244704007354215
0.09,198,5.244704007354261
0.09,200,5.244704007354175
0.09,202,5.24470400735422
0.09,204,5.244704007354217
0.09,206,5.244704007354236
0.09,208,5.2447040073541675
0.09,210,5.244704007354189
0.09,212,5.244704007354272
0.09,214,5.244704007354241
0.09,216,5.244704007354216
0.09,218,5.244704007354239
0.09,220,5.244704007354233
0.09,222,5.24470400735428
0.09,224,5.244704007354212
0.09,226,5.244704007354216
0.09,228,5.244704007354167
0.09,230,5.244704007354184
0.09,232,5.244704007354275
0.09,234,5.244704007354221
0.09,236,5.244704007354228
0.09,238,5.2447040073542475
0.09,240,5.244704007354218
0.09,242,5.244704007354168
0.09,244,5.244704007354235
0.09,246,5.24470400735418
0.09,248,5.24470400735421
0.09,250,5.244704007354186
0.09,252,5.244704007354231
0.09,254,5.2447040073542235
0.09,256,5.244704007354224
0.1,2,2.9037045591597295
0.1,4,3.51287031997242
0.1,6,4.058829350271176
0.1,8,4.438579431927559
0.1,10,4.6648241996349915
0.1,12,4.799794220779125
0.1,14,4.884253847211923
0.1,16,4.938423827857246
0.1,18,4.973159839370888
0.1,20,4.9953372713838595
0.1,22,5.00950315625818
0.1,24,5.018583347250791
0.1,26,5.024423646978582
0.1,28,5.028189779723552
0.1,30,5.030623669160061
0.1,32,5.0321998837113115
0.1,34,5.033222715796498
0.1,36,5.033887686024058
0.1,38,5.034320733157904
0.1,40,5.0346031802886815
0.1,42,5.034787660868422
0.1,44,5.034908309900218
0.1,46,5.034987306710999
0.1,48,5.035039087088804
0.1,50,5.035073061556336
0.1,52,5.035095373518956
0.1,54,5.035110038787085
0.1,56,5.035119685557732
0.1,58,5.035126035780991
0.1,60,5.035130218791672
0.1,62,5.0351329759512655
0.1,64,5.035134794352525
0.1,66,5.0351359942829825
0.1,68,5.03513678650346
0.1,70,5.035137309797897
0.1,72,5.035137655613006
0.1,74,5.035137884240339
0.1,76,5.035138035453092
0.1,78,5.035138135502672
0.1,80,5.03513820172426
0.1,82,5.035138245570615
0.1,84,5.035138274611492
0.1,86,5.035138293852172
0.1,88,5.035138306603675
0.1,90,5.035138315056876
0.1,92,5.035138320662226
0.1,94,5.03513832438009
0.1,96,5.035138326846651
0.1,98,5.035138328483436
0.1,100,5.035138329569829
0.1,102,5.035138330291064
0.1,104,5.035138330770003
0.1,106,5.0351383310880955
0.1,108,5.0351383312993585
0.1,110,5.035138331439782
0.1,112,5.035138331533074
0.1,114,5.035138331595046
0.1,116,5.035138331636257
0.1,118,5.0351383316637035
0.1,120,5.035138331681915
0.1,122,5.0351383316940375
0.1,124,5.035138331702059
0.1,126,5.035138331707437
0.1,128,5.035138331710999
0.1,130,5.0351383317133385
0.1,132,5.035138331714911
0.1,134,5.035138331715971
0.1,136,5.0351383317166984
0.1,138,5.035138331717166
0.1,140,5.035138331717495
0.1,142,5.035138331717706
0.1,144,5.035138331717844
0.1,146,5.035138331717933
0.1,148,5.035138331717975
0.1,150,5.035138331718038
0.1,152,5.0351383317180805
0.1,154,5.0351383317181
0.1,156,5.035138331718055
0.1,158,5.0351383317180884
0.1,160,5.035138331718103
0.1,162,5.035138331718146
0.1,164,5.03513833171808
0.1,166,5.0351383317180956
0.1,168,5.03513833171811
0.1,170,5.0351383317180884
0.1,172,5.035138331718124
0.1,174,5.035138331718133
0.1,176,5.035138331718097
0.1,178,5.035138331718034
0.1,180,5.0351383317181
0.1,182,5.035138331718037
0.1,184,5.035138331718161
0.1,186,5.0351383317180725
0.1,188,5.0351383317180956
0.1,190,5.035138331718155
0.1,192,5.03513833171814
0.1,194,5.035138331718147
0.1,196,5.035138331718148
0.1,198,5.035138331718107
0.1,200,5.03513833171805
0.1,202,5.035138331718173
0.1,204,5.035138331718067
0.1,206,5.03513833171809
0.1,208,5.035138331718141
0.1,210,5.035138331718119
0.1,212,5.035138331718167
0.1,214,5.035138331718116
0.1,216,5.03513833171808
0.1,218,5.035138331718094
0.1,220,5.0351383317180884
0.1,222,5.035138331718198
0.1,224,5.0351383317181115
0.1,226,5.035138331718138
0.1,228,5.035138331718177
0.1,230,5.035138331718087
0.1,232,5.035138331718209
0.1,234,5.035138331718085
0.1,236,5.035138331718087
0.1,238,5.035138331718103
0.1,240,5.035138331718104
0.1,242,5.0351383317180645
0.1,244,5.035138331718105
0.1,246,5.035138331718123
0.1,248,5.035138331718078
0.1,250,5.035138331718139
0.1,252,5.035138331718165
0.1,254,5.035138331718035
0.1,256,5.035138331718036
