n_quad,L1_err,L2_err,Linf_err,pt_flux
1,0.09014068289725596,0.04507034144862798,0.02253517072431399,1.2580892483368762
4,0.019645256872155736,0.006287816317048241,0.002209397027943538,1.0003350704624618
8,0.035242495904407034,0.011435267129354216,0.004025599256210821,1.00001420379457
12,0.038391566704875035,0.012517118397673624,0.0044085320148044005,1.0000000320169198
16,0.039534818263135096,0.012913895788884223,0.0045490670670989,0.9999999997798231
32,0.04067229927406979,0.013310767309955942,0.004689680377412242,1.0000000000000002
64,0.04096607630370569,0.013413623163795347,0.0047261296530932695,1.0000000000000002
128,0.041040796716039996,0.013439807283047483,0.0047354090294142726,1.000000000000001
256,0.0410596430720086,0.013446413069011563,0.004737750078897873,0.9999999999999989
512,0.04106437588028078,0.013448072047624663,0.004738338012403087,1.0000000000000013
1024,0.041065561765331215,0.013448487738451852,0.0047384853312059105,1.0000000000000027
2048,0.04106585864108647,0.013448591801386037,0.004738522210625429,0.9999999999999996
4096,0.041065933079993566,0.013448617898176352,0.004738531459466344,1.0000000000000027
