L,nxy,nz,p,r,gi,n_val,n_iter
5.0,5,1,1,0,-0.01062868103389298,70,9
5.0,5,1,1,2,-0.01519189812250878,682,10
5.0,5,1,1,4,-0.015077099419212153,3706,11
5.0,5,1,1,6,-0.014999984462123875,16234,12
5.0,5,1,1,8,-0.014970896801458146,66778,12
5.0,5,1,2,0,0.0133843119639082,280,10
5.0,5,1,2,2,0.004072017051851613,2728,11
5.0,5,1,2,4,0.0011937232587115852,14824,12
5.0,5,1,2,6,0.0002727144583497716,64936,12
5.0,5,1,2,8,-2.5959548550167407e-5,267112,12
5.0,5,1,3,0,0.024541968774909332,630,11
5.0,5,1,3,2,0.007738352795013186,6138,12
5.0,5,1,3,4,0.0024946558848976948,33354,12
5.0,5,1,3,6,0.0008106955903582616,146106,13
5.0,5,1,3,8,0.00026348890093982023,601002,13
5.0,5,1,4,0,0.033249507463626274,1120,12
5.0,5,1,4,2,0.010393917506208038,10912,12
5.0,5,1,4,4,0.003342564547122502,59296,13
5.0,5,1,4,6,0.0010864290714038664,259744,13
5.0,5,1,4,8,0.0003545512534721864,1068448,14
5.0,5,1,5,0,0.04206149033977127,1750,13
5.0,5,1,5,2,0.013003957297681506,17050,13
5.0,5,1,5,4,0.0041665166090076354,92650,14
5.0,5,1,5,6,0.0013526785613261684,405850,14
5.0,5,1,5,8,0.0004413375850350664,1669450,15
5.0,5,1,6,0,0.05288270740885865,2520,14
5.0,5,1,6,2,0.016121442072432792,24552,15
5.0,5,1,6,4,0.005141056936891643,133416,15
5.0,5,1,6,6,0.0016664165593842154,584424,15
5.0,5,1,6,8,0.000543371930037159,2404008,15
5.0,10,2,1,0,-0.004579813391699985,280,9
5.0,10,2,1,2,-0.004645676172417543,1720,11
5.0,10,2,1,4,-0.004533827770093879,7912,11
5.0,10,2,1,6,-0.0044845655352544625,33112,12
5.0,10,2,1,8,-0.00446715822037417,134344,13
5.0,10,2,2,0,0.007495580034225019,1120,11
5.0,10,2,2,2,0.0023528208620456053,6880,11
5.0,10,2,2,4,0.0007286522789074846,31648,12
5.0,10,2,2,6,0.00020442435411011442,132448,12
5.0,10,2,2,8,3.391604271218193e-5,537376,12
5.0,10,2,3,0,0.013723394230581774,2520,11
5.0,10,2,3,2,0.004387267617984098,15480,12
5.0,10,2,3,4,0.0014219360820904514,71208,12
5.0,10,2,3,6,0.0004630344107281996,298008,13
5.0,10,2,3,8,0.00015059334903607443,1209096,13
5.0,10,2,4,0,0.018488927732461642,4480,12
5.0,10,2,4,2,0.005882032082143094,27520,12
5.0,10,2,4,4,0.0019042943405893564,126592,13
5.0,10,2,4,6,0.0006204109455407787,529792,13
5.0,10,2,4,8,0.00020269366673125397,2149504,14
5.0,10,2,5,0,0.023224638228753067,7000,13
5.0,10,2,5,2,0.007341954650367257,43000,13
5.0,10,2,5,4,0.002371753655506086,197800,14
5.0,10,2,5,6,0.0007723467049167215,827800,14
5.0,10,2,5,8,0.0002522692874484606,3358600,15
5.0,10,2,6,0,0.028939454837674124,10080,14
5.0,10,2,6,2,0.009075177254495156,61920,15
5.0,10,2,6,4,0.0029235825058943244,284832,15
5.0,10,2,6,6,0.0009511769657748494,1192032,15
5.0,10,2,6,8,0.0003105498689945725,4836384,16
5.0,20,4,1,0,-0.0025321881940136384,1120,10
5.0,20,4,1,2,-0.0024438997408403468,4144,11
5.0,20,4,1,4,-0.0023663929067006054,16672,12
5.0,20,4,1,6,-0.002336441127950669,67216,12
5.0,20,4,1,8,-0.0023264171079219794,269824,13
5.0,20,4,2,0,0.004212674438786472,4480,11
5.0,20,4,2,2,0.00133263433393865,16576,11
5.0,20,4,2,4,0.0004116840995440781,66688,12
5.0,20,4,2,6,0.0001128482767873383,268864,12
5.0,20,4,2,8,1.5492805665668816e-5,1079296,13
5.0,20,4,3,0,0.007739317343265373,10080,11
5.0,20,4,3,2,0.002495614671611955,37296,12
5.0,20,4,3,4,0.0008116417889393003,150048,13
5.0,20,4,3,6,0.0002644263767933562,604944,13
5.0,20,4,3,8,8.596374151513737e-5,2428416,13
5.0,20,4,4,0,0.010394026697844418,17920,12
5.0,20,4,4,2,0.003342657718440467,66304,13
5.0,20,4,4,4,0.001086504525813448,266752,13
5.0,20,4,4,6,0.0003544741124720031,1075456,13
5.0,20,4,4,8,0.00011588787703800544,4317184,14
5.0,20,4,5,0,0.013004019204055587,28000,13
5.0,20,4,5,2,0.004166304271199609,103600,13
5.0,20,4,5,4,0.0013526680786166386,416800,14
5.0,20,4,5,6,0.0004413266696213648,1680400,15
5.0,20,4,5,8,0.00014423590768911955,6745600,15
5.0,20,4,6,0,0.01612152885958185,40320,14
5.0,20,4,6,2,0.005141307024661798,149184,14
5.0,20,4,6,4,0.0016664250601036365,600192,15
5.0,20,4,6,6,0.0005433799745126243,2419776,15
5.0,20,4,6,8,0.00017755081198724226,9713664,16
10.0,10,1,1,0,-0.0052105787174369575,240,10
10.0,10,1,1,2,-0.006480186016665469,1512,11
10.0,10,1,1,4,-0.006325319076718522,7416,12
10.0,10,1,1,6,-0.00624823480335015,31464,13
10.0,10,1,1,8,-0.006219974513722719,128088,13
10.0,10,1,2,0,0.012290818324759043,960,11
10.0,10,1,2,2,0.0036867014824133125,6048,11
10.0,10,1,2,4,0.0010614238980797414,29664,12
10.0,10,1,2,6,0.0002187569435584656,125856,12
10.0,10,1,2,8,-5.513100200405354e-5,512352,13
10.0,10,1,3,0,0.022442772575635962,2160,11
10.0,10,1,3,2,0.007071891566502571,13608,12
10.0,10,1,3,4,0.0022844744554860992,66744,13
10.0,10,1,3,6,0.0007418788965571793,283176,13
10.0,10,1,3,8,0.00024006549535825596,1152792,13
10.0,10,1,4,0,0.030177403773182752,3840,12
10.0,10,1,4,2,0.009484366083019904,24192,13
10.0,10,1,4,4,0.0030614393041180302,118656,13
10.0,10,1,4,6,0.0009966431321121703,503424,13
10.0,10,1,4,8,0.0003255577071518004,2049408,14
10.0,10,1,5,0,0.0379215176354827,6000,13
10.0,10,1,5,2,0.011841735482005926,37800,13
10.0,10,1,5,4,0.003814320227228188,185400,14
10.0,10,1,5,6,0.001241224698529521,786600,15
10.0,10,1,5,8,0.0004052945259425183,3202200,15
10.0,10,1,6,0,0.04733998852514294,8640,14
10.0,10,1,6,2,0.0146476758044934,54432,14
10.0,10,1,6,4,0.0047029198569001444,266976,15
10.0,10,1,6,6,0.001528674458307435,1132704,15
10.0,10,1,6,8,0.0004989686901839272,4611168,16
10.0,20,2,1,0,-0.003283694542816745,960,10
10.0,20,2,1,2,-0.0030189872023846757,3840,11
10.0,20,2,1,4,-0.0029034592007765574,15792,12
10.0,20,2,1,6,-0.0028564951456967,64032,13
10.0,20,2,1,8,-0.00284005387700827,257424,13
10.0,20,2,2,0,0.006839773510844904,3840,11
10.0,20,2,2,2,0.0021498755050046977,15360,11
10.0,20,2,2,4,0.000666644903865319,63168,12
10.0,20,2,2,6,0.00018660079158320814,256128,13
10.0,20,2,2,8,3.0006950722564216e-5,1029696,13
10.0,20,2,3,0,0.012530930103868531,8640,11
10.0,20,2,3,2,0.0040161121332070865,34560,12
10.0,20,2,3,4,0.001304212383991387,142128,13
10.0,20,2,3,6,0.00042492820528493573,576288,13
10.0,20,2,3,8,0.00013834056674352823,2316816,14
10.0,20,2,4,0,0.016823162943252257,15360,12
10.0,20,2,4,2,0.005379790495974174,61440,13
10.0,20,2,4,4,0.0017457590801378642,252672,13
10.0,20,2,4,6,0.0005697073977264842,1024512,14
10.0,20,2,4,8,0.00018617958474043735,4118784,14
10.0,20,2,5,0,0.021056976928835354,24000,13
10.0,20,2,5,2,0.006706667804561795,96000,13
10.0,20,2,5,4,0.002174308251997149,394800,14
10.0,20,2,5,6,0.0007091281093109675,1600800,15
10.0,20,2,5,8,0.00023173417340395346,6435600,15
10.0,20,2,6,0,0.026133183686853703,34560,14
10.0,20,2,6,2,0.008279826213417461,138240,14
10.0,20,2,6,4,0.0026790461172526915,568512,15
10.0,20,2,6,6,0.0008731020724685493,2305152,16
10.0,20,2,6,8,0.0002852657399785533,9267264,16
10.0,40,4,1,0,-0.002153422082001832,3840,10
10.0,40,4,1,2,-0.002036001673759554,9744,11
10.0,40,4,1,4,-0.0019605668123032906,33792,12
10.0,40,4,1,6,-0.0019329685037562097,130416,13
10.0,40,4,1,8,-0.0019234643265507718,517344,13
10.0,40,4,2,0,0.003845686371688667,15360,11
10.0,40,4,2,2,0.0012194305723553255,38976,12
10.0,40,4,2,4,0.0003761509880139066,135168,12
10.0,40,4,2,6,0.00010222011190690397,521664,13
10.0,40,4,2,8,1.2742323972018098e-5,2069376,14
10.0,40,4,3,0,0.007073955622724044,34560,11
10.0,40,4,3,2,0.002286647031887026,87696,12
10.0,40,4,3,4,0.0007446198586320424,304128,13
10.0,40,4,3,6,0.00024279246920914997,1173744,13
10.0,40,4,3,8,7.89968276343879e-5,4656096,14
10.0,40,4,4,0,0.009484383851862671,61440,12
10.0,40,4,4,2,0.0030619594674192382,155904,13
10.0,40,4,4,4,0.0009967444096920948,540672,13
10.0,40,4,4,6,0.0003256582758763332,2086656,14
10.0,40,4,4,8,0.00010646923722092117,8277504,14
10.0,40,4,5,0,0.011842255904576866,96000,13
10.0,40,4,5,2,0.0038138200835166787,243600,13
10.0,40,4,5,4,0.0012411504706327998,844800,14
10.0,40,4,5,6,0.0004053236397679905,3260400,15
10.0,40,4,5,8,0.00013252773291396272,12933600,16
10.0,40,4,6,0,0.014647310294517657,138240,14
10.0,40,4,6,2,0.0047032313045134895,350784,14
10.0,40,4,6,4,0.0015286932400053101,1216512,15
10.0,40,4,6,6,0.0004989867243647961,4694976,16
10.0,40,4,6,8,0.00016312290600186655,18624384,17
20.0,20,1,1,0,-0.0036542051277584624,880,11
20.0,20,1,1,2,-0.003930116084845799,3472,12
20.0,20,1,1,4,-0.003811560147005932,15136,12
20.0,20,1,1,6,-0.003762278555687282,62224,13
20.0,20,1,1,8,-0.0037454507161501158,251008,14
20.0,20,1,2,0,0.007460144191689217,3520,12
20.0,20,1,2,2,0.0022640366689972496,13888,12
20.0,20,1,2,4,0.0006517188418372303,60544,12
20.0,20,1,2,6,0.00013163963099310512,248896,13
20.0,20,1,2,8,-3.793979859683999e-5,1004032,14
20.0,20,1,3,0,0.013725546033320093,7920,12
20.0,20,1,3,2,0.004358393683460446,31248,12
20.0,20,1,3,4,0.0014112275275146374,136224,12
20.0,20,1,3,6,0.0004590820919485655,560016,13
20.0,20,1,3,8,0.0001486152063269496,2259072,14
20.0,20,1,4,0,0.018437063481282233,14080,12
20.0,20,1,4,2,0.005842403283977272,55552,12
20.0,20,1,4,4,0.00189238962112479,242176,13
20.0,20,1,4,6,0.0006171108421924589,995584,14
20.0,20,1,4,8,0.00020164041658781405,4016128,15
20.0,20,1,5,0,0.023117304688147912,22000,13
20.0,20,1,5,2,0.007291131183614897,86800,13
20.0,20,1,5,4,0.0023573769348656072,378400,14
20.0,20,1,5,6,0.0007681978024969154,1555600,15
20.0,20,1,5,8,0.0002509735998855254,6275200,16
20.0,20,1,6,0,0.028757469833959035,31680,14
20.0,20,1,6,2,0.0090082385663812,124992,14
20.0,20,1,6,4,0.0029053170601353717,544896,15
20.0,20,1,6,6,0.0009459239247662564,2240064,16
20.0,20,1,6,8,0.00030895411631167574,9036288,17
20.0,40,2,1,0,-0.002182391777910545,3520,11
20.0,40,2,1,2,-0.0019226258489712061,9280,11
20.0,40,2,1,4,-0.0018465182478270333,32752,12
20.0,40,2,1,6,-0.0018173899960991892,127072,13
20.0,40,2,1,8,-0.0018076962385667984,504784,14
20.0,40,2,2,0,0.0041873202203987795,14080,12
20.0,40,2,2,2,0.001325223233210276,37120,12
20.0,40,2,2,4,0.0004111027808772462,131008,12
20.0,40,2,2,6,0.00011440139320225307,508288,13
20.0,40,2,2,8,1.7506374358612826e-5,2019136,14
20.0,40,2,3,0,0.007702339382672073,31680,12
20.0,40,2,3,2,0.002479175143648788,83520,12
20.0,40,2,3,4,0.0008063212062346112,294768,12
20.0,40,2,3,6,0.00026307846337886005,1143648,13
20.0,40,2,3,8,8.565381191617957e-5,4543056,14
20.0,40,2,4,0,0.010332594908511687,56320,12
20.0,40,2,4,2,0.0033199809190257415,148480,12
20.0,40,2,4,4,0.0010800890499597774,524032,13
20.0,40,2,4,6,0.0003527391309542713,2033152,14
20.0,40,2,4,8,0.00011533724770255484,8076544,15
20.0,40,2,5,0,0.012916525843036809,88000,12
20.0,40,2,5,2,0.004138968745996394,232000,13
20.0,40,2,5,4,0.001344958297271168,818800,14
20.0,40,2,5,6,0.0004390243328473729,3176800,15
20.0,40,2,5,8,0.0001435260786015601,12619600,16
20.0,40,2,6,0,0.015997603164065323,126720,14
20.0,40,2,6,2,0.005106376254320686,334080,14
20.0,40,2,6,4,0.001656762525689636,1179072,15
20.0,40,2,6,6,0.0005404958074511841,4574592,16
20.0,40,2,6,8,0.00017666051700583238,18172224,17
20.0,80,4,1,0,-0.0013854151366461277,14080,11
20.0,80,4,1,2,-0.0012939774218412785,25744,11
20.0,80,4,1,4,-0.0012466298405685158,72832,12
20.0,80,4,1,6,-0.0012297111540037814,261616,13
20.0,80,4,1,8,-0.0012242371817382137,1017184,14
20.0,80,4,2,0,0.0023622954942400954,56320,11
20.0,80,4,2,2,0.0007514387812827335,102976,11
20.0,80,4,2,4,0.00023230147963670662,291328,12
20.0,80,4,2,6,6.284585864497919e-5,1046464,13
20.0,80,4,2,8,7.457891562072968e-6,4068736,14
20.0,80,4,3,0,0.004361307096528101,126720,12
20.0,80,4,3,2,0.001413171138140405,231696,12
20.0,80,4,3,4,0.0004608865366807607,655488,13
20.0,80,4,3,6,0.00015041942691864914,2354544,14
20.0,80,4,3,8,4.893926644418845e-5,9154656,15
20.0,80,4,4,0,0.0058434892421145475,225280,12
20.0,80,4,4,2,0.001891657490316104,411904,12
20.0,80,4,4,4,0.0006169934996142008,1165312,13
20.0,80,4,4,6,0.00020167108141527486,4185856,14
20.0,80,4,4,8,6.596576261738653e-5,16274944,15
20.0,80,4,5,0,0.007291231096186398,352000,13
20.0,80,4,5,2,0.0023569762242838235,643600,13
20.0,80,4,5,4,0.0007681255014617342,1820800,14
20.0,80,4,5,6,0.0002509831865850019,6540400,15
20.0,80,4,5,8,8.208633185445547e-5,25429600,16
20.0,80,4,6,0,0.009010022419162933,506880,13
20.0,80,4,6,2,0.0029055607082954867,926784,14
20.0,80,4,6,4,0.0009459647863295484,2621952,15
20.0,80,4,6,6,0.00030897185715846444,9418176,16
20.0,80,4,6,8,0.00010103445491938424,36618624,17
