n_boxes,n_quad,reduce_quad,n_edge,n_corner,gi,n_val,n_iter,pot_abserr,pot_relerr
1,1,0,0,0,1.6741371562917688,6,3,0.01867075980400978,0.9646580007199781
1,4,0,0,0,1.2805082343538317,96,10,0.007870406577491898,0.38435830524319164
1,8,0,0,0,1.9165041498490742,384,20,0.025273254680311857,1.270668072385237
1,12,0,0,0,1.076466050958399,864,67,0.002561933824762889,0.1184983012591459
1,16,0,0,0,0.5588304130445421,1536,82,0.012831475617574568,0.5983222293111129
1,1,0,2,2,1.0045681570142835,96,8,0.00013734152586233547,0.007272966589788733
1,4,0,2,2,1.0739097754960256,1536,12,0.002082699763072196,0.10132678295504355
1,8,0,2,2,1.2100668693636005,6144,21,0.00592056772878035,0.2891724118181762
1,12,0,2,2,1.0229208467659285,13824,74,0.0006561398503850957,0.0313623622653633
1,16,0,2,2,0.797305576860611,24576,95,0.005788523644515226,0.276875702166972
1,1,0,4,4,1.0026727465858507,816,9,8.139439048713074e-5,0.003944659530171282
1,4,0,4,4,1.0230371785607408,13056,12,0.0006478834214944697,0.03137199530327924
1,8,0,4,4,1.0621289878336706,52224,21,0.0017560277458433735,0.08511262406162831
1,12,0,4,4,1.0059867710475772,117504,71,0.00016544750845387188,0.007967339682140577
1,16,0,4,4,0.9244811407344895,208896,96,0.002152974182599087,0.10367710175037272
1,1,0,6,6,1.00295823180045,4128,10,8.879051581560035e-5,0.004297679209279933
1,4,0,6,6,1.0074172682872238,66048,13,0.00020519281655098642,0.009920920135192014
1,8,0,6,6,1.0196191365063298,264192,21,0.0005515675880625563,0.026673910356383487
1,12,0,6,6,1.0018141754047052,594432,64,4.622873585528181e-5,0.002231359988319279
1,16,0,6,6,0.974040947813325,1056768,95,0.0007428796520410862,0.03585334970332544
1,1,0,8,8,1.0031363636347286,17808,11,9.354963134398236e-5,0.004527376440276391
1,4,0,8,8,1.0024128378858124,284928,13,6.315584463540552e-5,0.0030521731809373155
1,8,0,8,8,1.006338143980011,1139712,22,0.00017462429922143405,0.008439158859134288
1,12,0,8,8,1.0005802845475857,2564352,65,1.1128002426061961e-5,0.0005374611282650182
1,16,0,8,8,0.9913545294323859,4558848,86,0.0002509174725213101,0.012118557465755587
