n_boxes,n_quad,n_edge,n_corner,gi,pot_abserr,pot_relerr
1,2,0,0,1.2805082343538317,0.007859642889413744,0.3836392941678037
1,4,0,0,1.2805082343538317,0.007859642889413744,0.3836392941678037
1,8,0,0,1.9165041498490742,0.02526249246936946,1.269488092166381
1,12,0,0,1.076466050958399,0.002551171177759007,0.11794200127453831
1,16,0,0,0.5588304130445421,0.012842239305652722,0.598531032028513
1,32,0,0,0.9414569553345526,0.0016904777825605226,0.08105446821087703
1,64,0,0,1.0027039656077705,5.9276295728865475e-5,0.00300015605950087
2,12,0,0,1.0487688618647413,0.0013964896021135369,0.06701459378860364
3,12,0,0,1.0312091894982705,0.0008889480232478278,0.04232833632569872
4,12,0,0,1.022920846765927,0.000645377203381179,0.03082627097487866
5,12,0,0,1.0746856496733521,0.0022462557198482287,0.11548184603254034
6,12,0,0,1.0151281557571443,0.0004183787466571047,0.02004365110259389
4,12,2,0,1.0230378709945007,0.0006371408009490896,0.030836739022873733
4,12,4,0,1.0074179551175377,0.00019445003302895336,0.009396807247073263
4,12,6,0,1.002413660737512,5.241714491282384e-5,0.0025318052910828495
4,12,8,0,1.0007879373722608,6.255467041259982e-6,0.0003020660915093943
4,12,6,7,1.002403442219907,5.211527069593977e-5,0.002517641423299756
4,12,6,8,1.0024003798135637,5.202468874135682e-5,0.002513396385733268
4,12,6,9,1.0023994415876838,5.199695711987501e-5,0.002512095592387037
4,12,6,10,1.0023991227293991,5.19876012479506e-5,0.0025116533412564714
