mode,bandwidth,pair,u_int_raw,u_scatter_raw,u_total_raw,u_int_ev,u_scatter_ev,u_total_ev,source_norm,target_norm,n_source_points,n_target_points,n_interface_points,sigma_residual,tkm_kmax,source_tol,n_quad,edge_refine_level,rhs_tol,lhs_tol,gmres_atol,gmres_rtol,slab_thickness,orbital_z_center,shift_x,shift_y,shift_z
SoftMixInversePermittivity,0.05,U_00,281.3069036994932,48.211008441238064,329.51791214073126,7.183340434938842,1.2310970039863516,8.414437438925193,84.17965021252988,84.17965021252988,314860,314860,500256,9.023674733095425e-6,39.2691351204413,0.001,6,4,0.001,1.0e-5,1.0e-5,1.0e-5,6.7,1.675,-4.9383594533135144e-5,-1.1431743832672156e-5,-6.325157062349036
SoftMixInversePermittivity,0.05,U_01,144.69717697586347,45.2710676712148,189.96824464707828,3.694911869893399,1.1560184434629375,4.850930313356336,84.17965021252988,84.18004419096994,314860,315606,500256,9.023674733095425e-6,39.2691351204413,0.001,6,4,0.001,1.0e-5,1.0e-5,1.0e-5,6.7,1.675,-4.9383594533135144e-5,-1.1431743832672156e-5,-6.325157062349036
SoftMixInversePermittivity,0.05,U_02,91.39119713827937,41.32002535665474,132.7112224949341,2.333729009730136,1.055131619642831,3.3888606293729673,84.17965021252988,84.17965021252988,314860,314860,500256,9.023674733095425e-6,39.2691351204413,0.001,6,4,0.001,1.0e-5,1.0e-5,1.0e-5,6.7,1.675,-4.9383594533135144e-5,-1.1431743832672156e-5,-6.325157062349036
SoftMixInversePermittivity,0.05,U_03,79.74386244800513,39.857098147992815,119.60096059599795,2.03629780530846,1.0177701329383246,3.054067938246785,84.17965021252988,84.18004419096994,314860,315606,500256,9.023674733095425e-6,39.2691351204413,0.001,6,4,0.001,1.0e-5,1.0e-5,1.0e-5,6.7,1.675,-4.9383594533135144e-5,-1.1431743832672156e-5,-6.325157062349036
SoftMixInversePermittivity,0.05,U_04,61.74113756005588,36.64231194756408,98.38344950761996,1.57658958384119,0.9356790241870113,2.5122686080282017,84.17965021252988,84.18004419096994,314860,315606,500256,9.023674733095425e-6,39.2691351204413,0.001,6,4,0.001,1.0e-5,1.0e-5,1.0e-5,6.7,1.675,-4.9383594533135144e-5,-1.1431743832672156e-5,-6.325157062349036
SoftMixInversePermittivity,0.05,U_05,54.58095702908715,35.04033716182232,89.62129419090948,1.3937574600854257,0.8947760167923027,2.2885334768777286,84.17965021252988,84.17965021252988,314860,314860,500256,9.023674733095425e-6,39.2691351204413,0.001,6,4,0.001,1.0e-5,1.0e-5,1.0e-5,6.7,1.675,-4.9383594533135144e-5,-1.1431743832672156e-5,-6.325157062349036
SoftMixInversePermittivity,0.1,U_00,281.3371999750172,48.24987970604344,329.58707968106063,7.184114068497554,1.2320896050372376,8.41620367353479,84.17965021252988,84.17965021252988,314860,314860,500256,9.04951727555164e-6,39.2691351204413,0.001,6,4,0.001,1.0e-5,1.0e-5,1.0e-5,6.7,1.675,-4.9383594533135144e-5,-1.1431743832672156e-5,-6.325157062349036
SoftMixInversePermittivity,0.1,U_01,144.71940762956038,45.303206863719346,190.02261449327972,3.695479540306443,1.156839133170613,4.852318673477055,84.17965021252988,84.18004419096994,314860,315606,500256,9.04951727555164e-6,39.2691351204413,0.001,6,4,0.001,1.0e-5,1.0e-5,1.0e-5,6.7,1.675,-4.9383594533135144e-5,-1.1431743832672156e-5,-6.325157062349036
SoftMixInversePermittivity,0.1,U_02,91.40709510239017,41.345699895095805,132.75279499748598,2.334134973774845,1.05578723437431,3.389922208149155,84.17965021252988,84.17965021252988,314860,314860,500256,9.04951727555164e-6,39.2691351204413,0.001,6,4,0.001,1.0e-5,1.0e-5,1.0e-5,6.7,1.675,-4.9383594533135144e-5,-1.1431743832672156e-5,-6.325157062349036
SoftMixInversePermittivity,0.1,U_03,79.7579917646847,39.88075442281587,119.63874618750057,2.036658604192059,1.0183742072711346,3.0550328114631937,84.17965021252988,84.18004419096994,314860,315606,500256,9.04951727555164e-6,39.2691351204413,0.001,6,4,0.001,1.0e-5,1.0e-5,1.0e-5,6.7,1.675,-4.9383594533135144e-5,-1.1431743832672156e-5,-6.325157062349036
SoftMixInversePermittivity,0.1,U_04,61.75246264761521,36.662645324264794,98.41510797188,1.5768787753881512,0.9361982467212493,2.5130770221094005,84.17965021252988,84.18004419096994,314860,315606,500256,9.04951727555164e-6,39.2691351204413,0.001,6,4,0.001,1.0e-5,1.0e-5,1.0e-5,6.7,1.675,-4.9383594533135144e-5,-1.1431743832672156e-5,-6.325157062349036
SoftMixInversePermittivity,0.1,U_05,54.591009048455426,35.05897348906991,89.64998253752535,1.3940141444263763,0.8952519065814114,2.289266051007788,84.17965021252988,84.17965021252988,314860,314860,500256,9.04951727555164e-6,39.2691351204413,0.001,6,4,0.001,1.0e-5,1.0e-5,1.0e-5,6.7,1.675,-4.9383594533135144e-5,-1.1431743832672156e-5,-6.325157062349036
SoftMixInversePermittivity,0.2,U_00,281.4763765668329,48.357825629622745,329.8342021964557,7.187668026208648,1.2348460689115208,8.42251409512017,84.17965021252988,84.17965021252988,314860,314860,500256,9.097083081858485e-6,39.2691351204413,0.001,6,4,0.001,1.0e-5,1.0e-5,1.0e-5,6.7,1.675,-4.9383594533135144e-5,-1.1431743832672156e-5,-6.325157062349036
SoftMixInversePermittivity,0.2,U_01,144.82023987876192,45.393751735084805,190.21399161384673,3.698054340190099,1.1591512399232005,4.8572055801133,84.17965021252988,84.18004419096994,314860,315606,500256,9.097083081858485e-6,39.2691351204413,0.001,6,4,0.001,1.0e-5,1.0e-5,1.0e-5,6.7,1.675,-4.9383594533135144e-5,-1.1431743832672156e-5,-6.325157062349036
SoftMixInversePermittivity,0.2,U_02,91.47874786454034,41.41930813146451,132.89805599600484,2.335964670013577,1.0576668648195573,3.3936315348331343,84.17965021252988,84.17965021252988,314860,314860,500256,9.097083081858485e-6,39.2691351204413,0.001,6,4,0.001,1.0e-5,1.0e-5,1.0e-5,6.7,1.675,-4.9383594533135144e-5,-1.1431743832672156e-5,-6.325157062349036
SoftMixInversePermittivity,0.2,U_03,79.82161314913645,39.94899880555029,119.77061195468674,2.038283206782814,1.0201168603421134,3.058400067124927,84.17965021252988,84.18004419096994,314860,315606,500256,9.097083081858485e-6,39.2691351204413,0.001,6,4,0.001,1.0e-5,1.0e-5,1.0e-5,6.7,1.675,-4.9383594533135144e-5,-1.1431743832672156e-5,-6.325157062349036
SoftMixInversePermittivity,0.2,U_04,61.8033732892858,36.721841801991026,98.52521509127683,1.5781788030607293,0.9377098571947765,2.5158886602555057,84.17965021252988,84.18004419096994,314860,315606,500256,9.097083081858485e-6,39.2691351204413,0.001,6,4,0.001,1.0e-5,1.0e-5,1.0e-5,6.7,1.675,-4.9383594533135144e-5,-1.1431743832672156e-5,-6.325157062349036
SoftMixInversePermittivity,0.2,U_05,54.636186023486374,35.11366436494495,89.74985038843133,1.3951677655682686,0.8966484708851267,2.2918162364533954,84.17965021252988,84.17965021252988,314860,314860,500256,9.097083081858485e-6,39.2691351204413,0.001,6,4,0.001,1.0e-5,1.0e-5,1.0e-5,6.7,1.675,-4.9383594533135144e-5,-1.1431743832672156e-5,-6.325157062349036
SoftMixInversePermittivity,0.4,U_00,282.25159867400475,48.69747613195455,330.9490748059593,7.207463787476045,1.2435192481156603,8.450983035591706,84.17965021252988,84.17965021252988,314860,314860,500256,9.149446761907834e-6,39.2691351204413,0.001,6,4,0.001,1.0e-5,1.0e-5,1.0e-5,6.7,1.675,-4.9383594533135144e-5,-1.1431743832672156e-5,-6.325157062349036
SoftMixInversePermittivity,0.4,U_01,145.34780942180697,45.687353691367036,191.035163113174,3.7115260817094,1.1666485068081798,4.87817458851758,84.17965021252988,84.18004419096994,314860,315606,500256,9.149446761907834e-6,39.2691351204413,0.001,6,4,0.001,1.0e-5,1.0e-5,1.0e-5,6.7,1.675,-4.9383594533135144e-5,-1.1431743832672156e-5,-6.325157062349036
SoftMixInversePermittivity,0.4,U_02,91.84284163264914,41.66524355522152,133.50808518787068,2.345262022663547,1.0639469733082734,3.40920899597182,84.17965021252988,84.17965021252988,314860,314860,500256,9.149446761907834e-6,39.2691351204413,0.001,6,4,0.001,1.0e-5,1.0e-5,1.0e-5,6.7,1.675,-4.9383594533135144e-5,-1.1431743832672156e-5,-6.325157062349036
SoftMixInversePermittivity,0.4,U_03,80.14347780149933,40.17957738499586,120.3230551864952,2.0465021751785346,1.0260047950478381,3.072506970226373,84.17965021252988,84.18004419096994,314860,315606,500256,9.149446761907834e-6,39.2691351204413,0.001,6,4,0.001,1.0e-5,1.0e-5,1.0e-5,6.7,1.675,-4.9383594533135144e-5,-1.1431743832672156e-5,-6.325157062349036
SoftMixInversePermittivity,0.4,U_04,62.058769189733205,36.924846669938965,98.98361585967217,1.5847004599707506,0.942893683941805,2.5275941439125558,84.17965021252988,84.18004419096994,314860,315606,500256,9.149446761907834e-6,39.2691351204413,0.001,6,4,0.001,1.0e-5,1.0e-5,1.0e-5,6.7,1.675,-4.9383594533135144e-5,-1.1431743832672156e-5,-6.325157062349036
SoftMixInversePermittivity,0.4,U_05,54.862632110546684,35.30334722400349,90.16597933455017,1.400950202160197,0.901492136409758,2.3024423385699544,84.17965021252988,84.17965021252988,314860,314860,500256,9.149446761907834e-6,39.2691351204413,0.001,6,4,0.001,1.0e-5,1.0e-5,1.0e-5,6.7,1.675,-4.9383594533135144e-5,-1.1431743832672156e-5,-6.325157062349036
