p,r,L,l_ec,dz,potential_cff
4,0,20.0,1.01,0.010000000000000009,-0.008626254726127255
6,0,20.0,1.01,0.010000000000000009,-0.008626561419918197
8,0,20.0,1.01,0.010000000000000009,-0.00863528672562841
4,1,20.0,0.505,0.010000000000000009,-0.008623314804863086
6,1,20.0,0.505,0.010000000000000009,-0.00862365561793704
8,1,20.0,0.505,0.010000000000000009,-0.008632396504498532
4,2,20.0,0.2525,0.010000000000000009,-0.008620060794343343
6,2,20.0,0.2525,0.010000000000000009,-0.008620532058379267
8,2,20.0,0.2525,0.010000000000000009,-0.008629446809008588
4,3,20.0,0.12625,0.010000000000000009,-0.008618130388642618
6,3,20.0,0.12625,0.010000000000000009,-0.008627640539914957
8,3,20.0,0.12625,0.010000000000000009,-0.00862808026839327
4,4,20.0,0.063125,0.010000000000000009,-0.00861893399981061
6,4,20.0,0.063125,0.010000000000000009,-0.00862815497881235
8,4,20.0,0.063125,0.010000000000000009,-0.008629437287205319
4,5,20.0,0.0315625,0.010000000000000009,-0.00862221413386685
6,5,20.0,0.0315625,0.010000000000000009,-0.00862864381469633
8,5,20.0,0.0315625,0.010000000000000009,-0.008628345828252051
4,6,20.0,0.01578125,0.010000000000000009,-0.008628044868799048
6,6,20.0,0.01578125,0.010000000000000009,-0.008627604828041716
8,6,20.0,0.01578125,0.010000000000000009,-0.008629322696808786
4,7,20.0,0.007890625,0.010000000000000009,-0.008626939109955573
6,7,20.0,0.007890625,0.010000000000000009,-0.008626668121273285
8,7,20.0,0.007890625,0.010000000000000009,-0.008629117788862413
7,8,20.0,0.0039453125,0.010000000000000009,-0.008628933549784001
4,0,20.0,1.01,0.09999999999999998,-0.008750826750947488
6,0,20.0,1.01,0.09999999999999998,-0.008750848203328918
8,0,20.0,1.01,0.09999999999999998,-0.008750867917563297
4,1,20.0,0.505,0.09999999999999998,-0.008749943707703182
6,1,20.0,0.505,0.09999999999999998,-0.008749954187467948
8,1,20.0,0.505,0.09999999999999998,-0.008749947926239938
4,2,20.0,0.2525,0.09999999999999998,-0.008747288156744248
6,2,20.0,0.2525,0.09999999999999998,-0.008747279527255887
8,2,20.0,0.2525,0.09999999999999998,-0.0087472752350593
4,3,20.0,0.12625,0.09999999999999998,-0.008745006884867318
6,3,20.0,0.12625,0.09999999999999998,-0.00874500003234764
8,3,20.0,0.12625,0.09999999999999998,-0.008744999944134586
4,4,20.0,0.063125,0.09999999999999998,-0.008744630471579732
6,4,20.0,0.063125,0.09999999999999998,-0.008744675860293469
8,4,20.0,0.063125,0.09999999999999998,-0.008744678558960505
4,5,20.0,0.0315625,0.09999999999999998,-0.008744481353046103
6,5,20.0,0.0315625,0.09999999999999998,-0.008744487254008919
8,5,20.0,0.0315625,0.09999999999999998,-0.008744489008249966
4,6,20.0,0.01578125,0.09999999999999998,-0.008744381067519104
6,6,20.0,0.01578125,0.09999999999999998,-0.0087443765339509
8,6,20.0,0.01578125,0.09999999999999998,-0.008744374990628842
4,7,20.0,0.007890625,0.09999999999999998,-0.008744325632341838
6,7,20.0,0.007890625,0.09999999999999998,-0.008744313649021864
8,7,20.0,0.007890625,0.09999999999999998,-0.008744311041437266
7,8,20.0,0.0039453125,0.09999999999999998,-0.008744284068478502
4,0,20.0,1.01,1.0,-0.004383851158176778
6,0,20.0,1.01,1.0,-0.004383845314139131
8,0,20.0,1.01,1.0,-0.004383842175118166
4,1,20.0,0.505,1.0,-0.004385584246090742
6,1,20.0,0.505,1.0,-0.004385575668706429
8,1,20.0,0.505,1.0,-0.004385571826579618
4,2,20.0,0.2525,1.0,-0.004386242461726048
6,2,20.0,0.2525,1.0,-0.004386243653015072
8,2,20.0,0.2525,1.0,-0.00438624416867351
4,3,20.0,0.12625,1.0,-0.00438526478351547
6,3,20.0,0.12625,1.0,-0.0043852672089619415
8,3,20.0,0.12625,1.0,-0.004385268509636193
4,4,20.0,0.063125,1.0,-0.004384947148613781
6,4,20.0,0.063125,1.0,-0.004384949831786481
8,4,20.0,0.063125,1.0,-0.004384951148658078
4,5,20.0,0.0315625,1.0,-0.004384782533069454
6,5,20.0,0.0315625,1.0,-0.0043847819794996835
8,5,20.0,0.0315625,1.0,-0.004384780930027081
4,6,20.0,0.01578125,1.0,-0.004384689234308353
6,6,20.0,0.01578125,1.0,-0.004384687162617834
8,6,20.0,0.01578125,1.0,-0.004384686390600421
4,7,20.0,0.007890625,1.0,-0.004384636400651698
6,7,20.0,0.007890625,1.0,-0.004384633556329174
8,7,20.0,0.007890625,1.0,-0.004384632529684361
