p,r,L,l_ec,total_flux_u,total_flux_c,n_val_u,n_val_c,n_iter_u,n_iter_c
2,0,5.0,1.01,1.0411603368889217,0.9721120687516265,280,280,8,7
2,2,5.0,0.2525,1.0180207489870505,0.9969699627476716,2728,2728,9,8
2,4,5.0,0.063125,1.0113256075280894,1.0042231692561283,14824,14824,9,9
2,6,5.0,0.01578125,1.0092183617058166,1.0066640542369183,64936,64936,10,10
4,0,5.0,1.01,1.0780972797256116,0.9955491303504655,1120,1120,9,8
4,2,5.0,0.2525,1.0248003144159388,1.000167241297897,10912,10912,9,8
4,4,5.0,0.063125,1.0087070220867576,1.003037534091681,59296,59296,10,9
4,6,5.0,0.01578125,1.0035502349820664,1.0040252537077334,259744,259744,11,10
6,0,5.0,1.01,1.1212389073469247,0.9908203175597073,2520,2520,10,8
6,2,5.0,0.2525,1.0366837863838163,0.9914226558219004,24552,24552,11,8
6,4,5.0,0.063125,1.0116878280945008,0.9950455404686135,133416,133416,12,9
6,6,5.0,0.01578125,1.0037813407561555,0.9963600178174054,584424,584424,13,10
2,0,10.0,1.01,1.025308730192514,0.9906322565206817,960,960,8,7
2,2,10.0,0.2525,1.0134913748600982,1.0030323445374285,6048,6048,8,8
2,4,10.0,0.063125,1.0098591858235588,1.0068552505842112,29664,29664,9,9
2,6,10.0,0.01578125,1.0087309201258274,1.008184657136587,125856,125856,10,10
4,0,10.0,1.01,1.0419181790357523,0.9956071010678378,3840,3840,9,7
4,2,10.0,0.2525,1.013872810732075,0.998533553947137,24192,24192,10,8
4,4,10.0,0.063125,1.005215705478819,1.000145411114266,118656,118656,11,9
4,6,10.0,0.01578125,1.002458391912893,1.0007228055998811,503424,503424,11,10
6,0,10.0,1.01,1.063886019785418,0.9938013775035266,8640,8640,10,8
6,2,10.0,0.2525,1.0197514789352482,0.9966832837208752,54432,54432,11,8
6,4,10.0,0.063125,1.006356441300985,0.9987402616516752,266976,266976,12,9
6,6,10.0,0.01578125,1.0020417955624086,0.9994813987657223,1132704,1132704,13,10
2,0,20.0,1.01,1.0167249962617855,0.9987538237840424,3520,3520,8,8
2,2,20.0,0.2525,1.0109066025726086,1.0046877695088126,13888,13888,9,8
2,4,20.0,0.063125,1.0091260904129533,1.0067233378208424,60544,60544,9,9
2,6,20.0,0.01578125,1.0086071791277664,1.0074806104325083,248896,248896,10,10
4,0,20.0,1.01,1.0213136634346553,0.9980789355020983,14080,14080,9,8
4,2,20.0,0.2525,1.0074835960437547,0.9994748291381297,55552,55552,9,9
4,4,20.0,0.063125,1.0032064117626054,1.0003020116463994,242176,242176,10,9
4,6,20.0,0.01578125,1.001765014466081,1.0006716023406472,995584,995584,11,10
6,0,20.0,1.01,1.0316275384043436,0.9965965022900473,31680,31680,10,8
6,2,20.0,0.2525,1.0099815891152422,0.9983465507618133,124992,124992,10,9
6,4,20.0,0.063125,1.0031664513743992,0.9994152026860763,544896,544896,11,9
6,6,20.0,0.01578125,1.0010297906264967,0.9998591120196262,2240064,2240064,12,10
