eps_in,x,slope
2.0,-0.49,-0.11977140759899442
2.0,-0.43555555555555553,-0.11395059511581185
2.0,-0.3811111111111111,-0.11133553133859714
2.0,-0.32666666666666666,-0.11019921850819073
2.0,-0.2722222222222222,-0.10956310968259596
2.0,-0.21777777777777776,-0.10914928093738405
2.0,-0.16333333333333333,-0.10884909451000548
2.0,-0.10888888888888888,-0.10861007261785938
2.0,-0.05444444444444444,-0.10840218012371451
2.0,0.0,-0.1082050364307185
4.0,-0.49,-0.19396424368255993
4.0,-0.43555555555555553,-0.2015326484824129
4.0,-0.3811111111111111,-0.19964285724857786
4.0,-0.32666666666666666,-0.19855506774434462
4.0,-0.2722222222222222,-0.19786988276522455
4.0,-0.21777777777777776,-0.19738978631357176
4.0,-0.16333333333333333,-0.19702202482236517
4.0,-0.10888888888888888,-0.19671667953313365
4.0,-0.05444444444444444,-0.19644274138049772
4.0,0.0,-0.19617750921626445
6.0,-0.49,-0.22883262420988576
6.0,-0.43555555555555553,-0.2399589752897066
6.0,-0.3811111111111111,-0.23894702019516498
6.0,-0.32666666666666666,-0.23807316589842903
6.0,-0.2722222222222222,-0.23745452975174863
6.0,-0.21777777777777776,-0.23699351776359914
6.0,-0.16333333333333333,-0.236626189441268
6.0,-0.10888888888888888,-0.2363129640032656
6.0,-0.05444444444444444,-0.23602704094199217
6.0,0.0,-0.23574746102686495
8.0,-0.49,-0.2566926899232728
8.0,-0.43555555555555553,-0.26223914193871717
8.0,-0.3811111111111111,-0.261770179997478
8.0,-0.32666666666666666,-0.2610536193604819
8.0,-0.2722222222222222,-0.2604903853331912
8.0,-0.21777777777777776,-0.2600495477001577
8.0,-0.16333333333333333,-0.2596879240914115
8.0,-0.10888888888888888,-0.2593738232894706
8.0,-0.05444444444444444,-0.2590838864760139
8.0,0.0,-0.2587987835161412
10.0,-0.49,-0.2832858406142197
10.0,-0.43555555555555553,-0.277176309264178
10.0,-0.3811111111111111,-0.27701726835452245
10.0,-0.32666666666666666,-0.2764110069053831
10.0,-0.2722222222222222,-0.2758892126108292
10.0,-0.21777777777777776,-0.2754643891299207
10.0,-0.16333333333333333,-0.27510802915278304
10.0,-0.10888888888888888,-0.2747942621549516
10.0,-0.05444444444444444,-0.2745023625352603
10.0,0.0,-0.2742143141272293
12.0,-0.49,-0.31080892178647057
12.0,-0.43555555555555553,-0.28815878891359914
12.0,-0.3811111111111111,-0.28815189429229615
12.0,-0.32666666666666666,-0.28762377673502726
12.0,-0.2722222222222222,-0.2871332367976394
12.0,-0.21777777777777776,-0.28672084351161875
12.0,-0.16333333333333333,-0.28636870885893356
12.0,-0.10888888888888888,-0.28605537531551045
12.0,-0.05444444444444444,-0.2857621781097261
12.0,0.0,-0.28547216909690326
14.0,-0.49,-0.34081039251960854
14.0,-0.43555555555555553,-0.2967806841890245
14.0,-0.3811111111111111,-0.2968082176686987
14.0,-0.32666666666666666,-0.29633559065195636
14.0,-0.2722222222222222,-0.2958690725210364
14.0,-0.21777777777777776,-0.2954664279521112
14.0,-0.16333333333333333,-0.2951175867696649
14.0,-0.10888888888888888,-0.29480453524462363
14.0,-0.05444444444444444,-0.2945102719893593
14.0,0.0,-0.2942187402008252
16.0,-0.49,-0.37494008756050123
16.0,-0.43555555555555553,-0.30389918759201057
16.0,-0.3811111111111111,-0.3038603239373898
16.0,-0.32666666666666666,-0.30342607049198955
16.0,-0.2722222222222222,-0.3029782727661806
16.0,-0.21777777777777776,-0.3025833850663459
16.0,-0.16333333333333333,-0.30223708863700016
16.0,-0.10888888888888888,-0.3019241175908375
16.0,-0.05444444444444444,-0.3016288513988874
16.0,0.0,-0.30133599901717534
18.0,-0.49,-0.41542994977060577
18.0,-0.43555555555555553,-0.31002710896802
18.0,-0.3811111111111111,-0.30981973845093175
18.0,-0.32666666666666666,-0.3094095525212857
18.0,-0.2722222222222222,-0.3089763466201811
18.0,-0.21777777777777776,-0.3085876692591778
18.0,-0.16333333333333333,-0.30824329540910383
18.0,-0.10888888888888888,-0.30793018131463407
18.0,-0.05444444444444444,-0.3076338813690296
18.0,0.0,-0.3073397808196807
20.0,-0.49,-0.46576860062238695
20.0,-0.43555555555555553,-0.3155086717376843
20.0,-0.3811111111111111,-0.3150076622626579
20.0,-0.32666666666666666,-0.3146076936504643
20.0,-0.2722222222222222,-0.3141855736374811
20.0,-0.21777777777777776,-0.3138018424546738
20.0,-0.16333333333333333,-0.3134588537613707
20.0,-0.10888888888888888,-0.3131453560602302
20.0,-0.05444444444444444,-0.31284792346910145
20.0,0.0,-0.31255255531576476
