p,r,L,l_ec,dz,potential_u,potential_cff
4,0,20.0,1.01,0.010000000000000009,-0.008600442447692471,-0.008613885479547941
5,0,20.0,1.01,0.010000000000000009,-0.00860800678282019,-0.008613149932092218
6,0,20.0,1.01,0.010000000000000009,-0.008608546452127998,-0.008622054592366375
7,0,20.0,1.01,0.010000000000000009,-0.008607681471520481,-0.008616539181933286
4,1,20.0,0.505,0.010000000000000009,-0.008602047303276216,-0.008615460290216093
5,1,20.0,0.505,0.010000000000000009,-0.00861836466557807,-0.008616355649132941
6,1,20.0,0.505,0.010000000000000009,-0.0086115252368401,-0.008626570384358783
7,1,20.0,0.505,0.010000000000000009,-0.008613016536946402,-0.00862177969775311
4,2,20.0,0.2525,0.010000000000000009,-0.008603552613145578,-0.008616896938383325
5,2,20.0,0.2525,0.010000000000000009,-0.008621246643517114,-0.008627278625200614
6,2,20.0,0.2525,0.010000000000000009,-0.008612865044085627,-0.008627900361297184
7,2,20.0,0.2525,0.010000000000000009,-0.008616401024494211,-0.008625171164080837
