p,r,L,l_ec,potential,flux,n_val,n_iter
3,0,1.0,1.01,-0.045605481846496675,0.0005655103699571482,747387,9
4,0,1.0,1.01,-0.04543486858145597,0.0021595497449857746,227040,9
5,0,1.0,1.01,-0.044976816587408805,0.006243605946943925,120225,9
6,0,1.0,1.01,-0.04440685774130834,0.011323545368835177,78408,10
3,2,1.0,0.2525,-0.045605481846496675,0.0005655103699571482,747387,9
4,2,1.0,0.2525,-0.04543486858145597,0.0021595497449857746,227040,9
5,2,1.0,0.2525,-0.044976816587408805,0.006243605946943925,120225,9
6,2,1.0,0.2525,-0.04440685774130834,0.011323545368835177,78408,10
3,4,1.0,0.063125,-0.045605481846496675,0.0005655103699571482,747387,9
4,4,1.0,0.063125,-0.045389270397540496,0.0026476541500379085,227712,9
5,4,1.0,0.063125,-0.045072508676498875,0.005173597083364807,129000,9
6,4,1.0,0.063125,-0.044811887982963615,0.007135159876378648,97092,9
3,6,1.0,0.01578125,-0.045583447394911256,0.0007605707217052254,754920,9
4,6,1.0,0.01578125,-0.045500624493886054,0.0014215130183467578,270432,9
5,6,1.0,0.01578125,-0.04538613772889091,0.002202517292677282,206400,10
6,6,1.0,0.01578125,-0.04532065939672432,0.002716562557933985,213516,10
3,8,1.0,0.0039453125,-0.045613490567925914,0.0004155620202447529,859383,9
4,8,1.0,0.0039453125,-0.04559355898995517,0.0005744887881418005,485328,10
5,8,1.0,0.0039453125,-0.04557595944356787,0.000712313462253637,548400,10
6,8,1.0,0.0039453125,-0.045554263846239694,0.000883598470384235,705996,11
7,8,1.0,0.0039453125,-0.04552400350264393,0.001121079334578993,919485,13
