p,r,L,l_ec,potential_u,flux_u,n_val_u,n_iter_u,potential_n,flux_n,n_val_n,n_iter_n
3,0,1.0,1.01,-0.04560536379346988,0.0005665039941766398,747387,9,0.059938717384392375,0.4370133383162441,54,10
4,0,1.0,1.01,-0.04543486858145597,0.0021595497449857746,227040,9,0.06180983638391153,0.4719968269986034,96,11
5,0,1.0,1.01,-0.044976816587408805,0.006243605946943925,120225,9,0.04949195019975136,0.4342944916888393,150,12
6,0,1.0,1.01,-0.04440685774130834,0.011323545368835177,78408,10,0.06497980179984156,0.5292841936347784,216,14
3,2,1.0,0.2525,-0.04560536379346988,0.0005665039941766398,747387,9,0.017095154988526914,0.24564655215175946,864,10
4,2,1.0,0.2525,-0.04543486858145597,0.0021595497449857746,227040,9,0.02112425257403783,0.26672203455701843,1536,11
5,2,1.0,0.2525,-0.044976816587408805,0.006243605946943925,120225,9,-0.15246764411731162,-0.4048644594176806,2400,12
6,2,1.0,0.2525,-0.04440685774130834,0.011323545368835177,78408,10,-0.07563865822224072,-0.1051620289208437,3456,13
3,4,1.0,0.063125,-0.04560536379346988,0.0005665039941766398,747387,9,-0.033382705021124434,0.047906125354892186,7344,11
4,4,1.0,0.063125,-0.045389270397540496,0.0026476541500379085,227712,9,-0.046350969994429614,-0.00013406986675274044,13056,11
5,4,1.0,0.063125,-0.045072508676498875,0.005173597083364807,129000,9,-0.01595897868015212,0.11579116186871062,20400,12
6,4,1.0,0.063125,-0.044811887982963615,0.007135159876378648,97092,9,-0.10699498780337316,-0.22825954744078067,29376,13
3,6,1.0,0.01578125,-0.04558324433992178,0.0007624552992642544,754920,9,-0.03380421289539793,0.044627876789879624,37152,11
4,6,1.0,0.01578125,-0.045500624493886054,0.0014215130183467578,270432,9,-0.04681953900715355,-0.0037871998435596724,66048,11
5,6,1.0,0.01578125,-0.04538613772889091,0.002202517292677282,206400,10,-0.01681926971199925,0.10906214719980266,103200,13
6,6,1.0,0.01578125,-0.04532065939672432,0.002716562557933985,213516,10,-0.10702403552962407,-0.228526994298491,148608,14
3,8,1.0,0.0039453125,-0.04561245619749909,0.0004256422443508366,859383,9,-0.03393865382708512,0.043574335119935616,160272,12
4,8,1.0,0.0039453125,-0.04559355898995517,0.0005744887881418005,485328,10,-0.04696918658260614,-0.00495816237709626,284928,12
5,8,1.0,0.0039453125,-0.04557595944356787,0.000712313462253637,548400,10,-0.01709407885811201,0.10690967528168681,445200,14
6,8,1.0,0.0039453125,-0.045554263846239694,0.000883598470384235,705996,11,-0.10703333773633951,-0.22861257280610556,641088,15
7,8,1.0,0.0039453125,-0.04552400350264393,0.001121079334578993,919485,13,-0.023225536136715325,0.08435288842458848,872592,17
